2025-04-28 18:07:29,116 [Worker-4: Loading available Gradle versions] INFO  o.e.b.c.i.u.g.PublishedGradleVersions - Gradle version information cache is not available. Remote download required.
2025-04-28 18:18:04,332 [Worker-10: Import Getting Started Content] INFO  o.e.m.c.i.e.AbstractTransferListenerAdapter - Downloading https://repo.maven.apache.org/maven2/org/springframework/boot/spring-boot-starter-parent/3.4.5/spring-boot-starter-parent-3.4.5.pom
2025-04-28 18:18:04,370 [Worker-10: Import Getting Started Content] INFO  o.e.m.c.i.e.AbstractTransferListenerAdapter - Downloaded https://repo.maven.apache.org/maven2/org/springframework/boot/spring-boot-starter-parent/3.4.5/spring-boot-starter-parent-3.4.5.pom
2025-04-28 18:18:04,419 [Worker-10: Import Getting Started Content] INFO  o.e.m.c.i.e.AbstractTransferListenerAdapter - Downloading https://repo.maven.apache.org/maven2/org/springframework/boot/spring-boot-dependencies/3.4.5/spring-boot-dependencies-3.4.5.pom
2025-04-28 18:18:04,488 [Worker-10: Import Getting Started Content] INFO  o.e.m.c.i.e.AbstractTransferListenerAdapter - Downloaded https://repo.maven.apache.org/maven2/org/springframework/boot/spring-boot-dependencies/3.4.5/spring-boot-dependencies-3.4.5.pom
2025-04-28 18:18:04,627 [Worker-10: Import Getting Started Content] INFO  o.e.m.c.i.e.AbstractTransferListenerAdapter - Downloading https://repo.maven.apache.org/maven2/org/apache/activemq/activemq-bom/6.1.6/activemq-bom-6.1.6.pom
2025-04-28 18:18:04,679 [Worker-10: Import Getting Started Content] INFO  o.e.m.c.i.e.AbstractTransferListenerAdapter - Downloaded https://repo.maven.apache.org/maven2/org/apache/activemq/activemq-bom/6.1.6/activemq-bom-6.1.6.pom
2025-04-28 18:18:04,974 [Worker-10: Import Getting Started Content] INFO  o.e.m.c.i.e.AbstractTransferListenerAdapter - Downloading https://repo.maven.apache.org/maven2/org/apache/groovy/groovy-bom/4.0.26/groovy-bom-4.0.26.pom
2025-04-28 18:18:05,032 [Worker-10: Import Getting Started Content] INFO  o.e.m.c.i.e.AbstractTransferListenerAdapter - Downloaded https://repo.maven.apache.org/maven2/org/apache/groovy/groovy-bom/4.0.26/groovy-bom-4.0.26.pom
2025-04-28 18:18:05,062 [Worker-10: Import Getting Started Content] INFO  o.e.m.c.i.e.AbstractTransferListenerAdapter - Downloading https://repo.maven.apache.org/maven2/org/infinispan/infinispan-bom/15.0.14.Final/infinispan-bom-15.0.14.Final.pom
2025-04-28 18:18:05,094 [Worker-10: Import Getting Started Content] INFO  o.e.m.c.i.e.AbstractTransferListenerAdapter - Downloaded https://repo.maven.apache.org/maven2/org/infinispan/infinispan-bom/15.0.14.Final/infinispan-bom-15.0.14.Final.pom
2025-04-28 18:18:05,130 [Worker-10: Import Getting Started Content] INFO  o.e.m.c.i.e.AbstractTransferListenerAdapter - Downloading https://repo.maven.apache.org/maven2/org/infinispan/infinispan-build-configuration-parent/15.0.14.Final/infinispan-build-configuration-parent-15.0.14.Final.pom
2025-04-28 18:18:05,163 [Worker-10: Import Getting Started Content] INFO  o.e.m.c.i.e.AbstractTransferListenerAdapter - Downloaded https://repo.maven.apache.org/maven2/org/infinispan/infinispan-build-configuration-parent/15.0.14.Final/infinispan-build-configuration-parent-15.0.14.Final.pom
2025-04-28 18:18:05,234 [Worker-10: Import Getting Started Content] INFO  o.e.m.c.i.e.AbstractTransferListenerAdapter - Downloading https://repo.maven.apache.org/maven2/com/fasterxml/jackson/jackson-bom/2.18.3/jackson-bom-2.18.3.pom
2025-04-28 18:18:05,273 [Worker-10: Import Getting Started Content] INFO  o.e.m.c.i.e.AbstractTransferListenerAdapter - Downloaded https://repo.maven.apache.org/maven2/com/fasterxml/jackson/jackson-bom/2.18.3/jackson-bom-2.18.3.pom
2025-04-28 18:18:05,502 [Worker-10: Import Getting Started Content] INFO  o.e.m.c.i.e.AbstractTransferListenerAdapter - Downloading https://repo.maven.apache.org/maven2/org/eclipse/jetty/ee10/jetty-ee10-bom/12.0.19/jetty-ee10-bom-12.0.19.pom
2025-04-28 18:18:05,530 [Worker-10: Import Getting Started Content] INFO  o.e.m.c.i.e.AbstractTransferListenerAdapter - Downloaded https://repo.maven.apache.org/maven2/org/eclipse/jetty/ee10/jetty-ee10-bom/12.0.19/jetty-ee10-bom-12.0.19.pom
2025-04-28 18:18:05,557 [Worker-10: Import Getting Started Content] INFO  o.e.m.c.i.e.AbstractTransferListenerAdapter - Downloading https://repo.maven.apache.org/maven2/org/eclipse/jetty/jetty-bom/12.0.19/jetty-bom-12.0.19.pom
2025-04-28 18:18:05,586 [Worker-10: Import Getting Started Content] INFO  o.e.m.c.i.e.AbstractTransferListenerAdapter - Downloaded https://repo.maven.apache.org/maven2/org/eclipse/jetty/jetty-bom/12.0.19/jetty-bom-12.0.19.pom
2025-04-28 18:18:05,774 [Worker-10: Import Getting Started Content] INFO  o.e.m.c.i.e.AbstractTransferListenerAdapter - Downloading https://repo.maven.apache.org/maven2/io/micrometer/micrometer-bom/1.14.6/micrometer-bom-1.14.6.pom
2025-04-28 18:18:05,800 [Worker-10: Import Getting Started Content] INFO  o.e.m.c.i.e.AbstractTransferListenerAdapter - Downloaded https://repo.maven.apache.org/maven2/io/micrometer/micrometer-bom/1.14.6/micrometer-bom-1.14.6.pom
2025-04-28 18:18:05,827 [Worker-10: Import Getting Started Content] INFO  o.e.m.c.i.e.AbstractTransferListenerAdapter - Downloading https://repo.maven.apache.org/maven2/io/micrometer/micrometer-tracing-bom/1.4.5/micrometer-tracing-bom-1.4.5.pom
2025-04-28 18:18:05,874 [Worker-10: Import Getting Started Content] INFO  o.e.m.c.i.e.AbstractTransferListenerAdapter - Downloaded https://repo.maven.apache.org/maven2/io/micrometer/micrometer-tracing-bom/1.4.5/micrometer-tracing-bom-1.4.5.pom
2025-04-28 18:18:05,917 [Worker-10: Import Getting Started Content] INFO  o.e.m.c.i.e.AbstractTransferListenerAdapter - Downloading https://repo.maven.apache.org/maven2/io/netty/netty-bom/4.1.119.Final/netty-bom-4.1.119.Final.pom
2025-04-28 18:18:05,950 [Worker-10: Import Getting Started Content] INFO  o.e.m.c.i.e.AbstractTransferListenerAdapter - Downloaded https://repo.maven.apache.org/maven2/io/netty/netty-bom/4.1.119.Final/netty-bom-4.1.119.Final.pom
2025-04-28 18:18:06,030 [Worker-10: Import Getting Started Content] INFO  o.e.m.c.i.e.AbstractTransferListenerAdapter - Downloading https://repo.maven.apache.org/maven2/io/prometheus/prometheus-metrics-bom/1.3.6/prometheus-metrics-bom-1.3.6.pom
2025-04-28 18:18:06,057 [Worker-10: Import Getting Started Content] INFO  o.e.m.c.i.e.AbstractTransferListenerAdapter - Downloaded https://repo.maven.apache.org/maven2/io/prometheus/prometheus-metrics-bom/1.3.6/prometheus-metrics-bom-1.3.6.pom
2025-04-28 18:18:06,092 [Worker-10: Import Getting Started Content] INFO  o.e.m.c.i.e.AbstractTransferListenerAdapter - Downloading https://repo.maven.apache.org/maven2/io/prometheus/client_java/1.3.6/client_java-1.3.6.pom
2025-04-28 18:18:06,126 [Worker-10: Import Getting Started Content] INFO  o.e.m.c.i.e.AbstractTransferListenerAdapter - Downloaded https://repo.maven.apache.org/maven2/io/prometheus/client_java/1.3.6/client_java-1.3.6.pom
2025-04-28 18:18:06,202 [Worker-10: Import Getting Started Content] INFO  o.e.m.c.i.e.AbstractTransferListenerAdapter - Downloading https://repo.maven.apache.org/maven2/org/apache/pulsar/pulsar-bom/3.3.6/pulsar-bom-3.3.6.pom
2025-04-28 18:18:06,234 [Worker-10: Import Getting Started Content] INFO  o.e.m.c.i.e.AbstractTransferListenerAdapter - Downloaded https://repo.maven.apache.org/maven2/org/apache/pulsar/pulsar-bom/3.3.6/pulsar-bom-3.3.6.pom
2025-04-28 18:18:06,332 [Worker-10: Import Getting Started Content] INFO  o.e.m.c.i.e.AbstractTransferListenerAdapter - Downloading https://repo.maven.apache.org/maven2/io/projectreactor/reactor-bom/2024.0.5/reactor-bom-2024.0.5.pom
2025-04-28 18:18:06,358 [Worker-10: Import Getting Started Content] INFO  o.e.m.c.i.e.AbstractTransferListenerAdapter - Downloaded https://repo.maven.apache.org/maven2/io/projectreactor/reactor-bom/2024.0.5/reactor-bom-2024.0.5.pom
2025-04-28 18:18:06,376 [Worker-10: Import Getting Started Content] INFO  o.e.m.c.i.e.AbstractTransferListenerAdapter - Downloading https://repo.maven.apache.org/maven2/io/rest-assured/rest-assured-bom/5.5.1/rest-assured-bom-5.5.1.pom
2025-04-28 18:18:06,402 [Worker-10: Import Getting Started Content] INFO  o.e.m.c.i.e.AbstractTransferListenerAdapter - Downloaded https://repo.maven.apache.org/maven2/io/rest-assured/rest-assured-bom/5.5.1/rest-assured-bom-5.5.1.pom
2025-04-28 18:18:06,420 [Worker-10: Import Getting Started Content] INFO  o.e.m.c.i.e.AbstractTransferListenerAdapter - Downloading https://repo.maven.apache.org/maven2/io/rsocket/rsocket-bom/1.1.5/rsocket-bom-1.1.5.pom
2025-04-28 18:18:06,445 [Worker-10: Import Getting Started Content] INFO  o.e.m.c.i.e.AbstractTransferListenerAdapter - Downloaded https://repo.maven.apache.org/maven2/io/rsocket/rsocket-bom/1.1.5/rsocket-bom-1.1.5.pom
2025-04-28 18:18:06,504 [Worker-10: Import Getting Started Content] INFO  o.e.m.c.i.e.AbstractTransferListenerAdapter - Downloading https://repo.maven.apache.org/maven2/org/springframework/amqp/spring-amqp-bom/3.2.5/spring-amqp-bom-3.2.5.pom
2025-04-28 18:18:06,533 [Worker-10: Import Getting Started Content] INFO  o.e.m.c.i.e.AbstractTransferListenerAdapter - Downloaded https://repo.maven.apache.org/maven2/org/springframework/amqp/spring-amqp-bom/3.2.5/spring-amqp-bom-3.2.5.pom
2025-04-28 18:18:06,553 [Worker-10: Import Getting Started Content] INFO  o.e.m.c.i.e.AbstractTransferListenerAdapter - Downloading https://repo.maven.apache.org/maven2/org/springframework/batch/spring-batch-bom/5.2.2/spring-batch-bom-5.2.2.pom
2025-04-28 18:18:06,581 [Worker-10: Import Getting Started Content] INFO  o.e.m.c.i.e.AbstractTransferListenerAdapter - Downloaded https://repo.maven.apache.org/maven2/org/springframework/batch/spring-batch-bom/5.2.2/spring-batch-bom-5.2.2.pom
2025-04-28 18:18:06,599 [Worker-10: Import Getting Started Content] INFO  o.e.m.c.i.e.AbstractTransferListenerAdapter - Downloading https://repo.maven.apache.org/maven2/org/springframework/data/spring-data-bom/2024.1.5/spring-data-bom-2024.1.5.pom
2025-04-28 18:18:06,630 [Worker-10: Import Getting Started Content] INFO  o.e.m.c.i.e.AbstractTransferListenerAdapter - Downloaded https://repo.maven.apache.org/maven2/org/springframework/data/spring-data-bom/2024.1.5/spring-data-bom-2024.1.5.pom
2025-04-28 18:18:06,665 [Worker-10: Import Getting Started Content] INFO  o.e.m.c.i.e.AbstractTransferListenerAdapter - Downloading https://repo.maven.apache.org/maven2/org/springframework/spring-framework-bom/6.2.6/spring-framework-bom-6.2.6.pom
2025-04-28 18:18:06,697 [Worker-10: Import Getting Started Content] INFO  o.e.m.c.i.e.AbstractTransferListenerAdapter - Downloaded https://repo.maven.apache.org/maven2/org/springframework/spring-framework-bom/6.2.6/spring-framework-bom-6.2.6.pom
2025-04-28 18:18:06,736 [Worker-10: Import Getting Started Content] INFO  o.e.m.c.i.e.AbstractTransferListenerAdapter - Downloading https://repo.maven.apache.org/maven2/org/springframework/integration/spring-integration-bom/6.4.4/spring-integration-bom-6.4.4.pom
2025-04-28 18:18:06,775 [Worker-10: Import Getting Started Content] INFO  o.e.m.c.i.e.AbstractTransferListenerAdapter - Downloaded https://repo.maven.apache.org/maven2/org/springframework/integration/spring-integration-bom/6.4.4/spring-integration-bom-6.4.4.pom
2025-04-28 18:18:06,813 [Worker-10: Import Getting Started Content] INFO  o.e.m.c.i.e.AbstractTransferListenerAdapter - Downloading https://repo.maven.apache.org/maven2/org/springframework/pulsar/spring-pulsar-bom/1.2.5/spring-pulsar-bom-1.2.5.pom
2025-04-28 18:18:06,853 [Worker-10: Import Getting Started Content] INFO  o.e.m.c.i.e.AbstractTransferListenerAdapter - Downloaded https://repo.maven.apache.org/maven2/org/springframework/pulsar/spring-pulsar-bom/1.2.5/spring-pulsar-bom-1.2.5.pom
2025-04-28 18:18:06,904 [Worker-10: Import Getting Started Content] INFO  o.e.m.c.i.e.AbstractTransferListenerAdapter - Downloading https://repo.maven.apache.org/maven2/org/springframework/security/spring-security-bom/6.4.5/spring-security-bom-6.4.5.pom
2025-04-28 18:18:06,966 [Worker-10: Import Getting Started Content] INFO  o.e.m.c.i.e.AbstractTransferListenerAdapter - Downloaded https://repo.maven.apache.org/maven2/org/springframework/security/spring-security-bom/6.4.5/spring-security-bom-6.4.5.pom
2025-04-28 18:18:06,987 [Worker-10: Import Getting Started Content] INFO  o.e.m.c.i.e.AbstractTransferListenerAdapter - Downloading https://repo.maven.apache.org/maven2/org/springframework/session/spring-session-bom/3.4.3/spring-session-bom-3.4.3.pom
2025-04-28 18:18:07,017 [Worker-10: Import Getting Started Content] INFO  o.e.m.c.i.e.AbstractTransferListenerAdapter - Downloaded https://repo.maven.apache.org/maven2/org/springframework/session/spring-session-bom/3.4.3/spring-session-bom-3.4.3.pom
2025-04-28 18:18:07,034 [Worker-10: Import Getting Started Content] INFO  o.e.m.c.i.e.AbstractTransferListenerAdapter - Downloading https://repo.maven.apache.org/maven2/org/springframework/ws/spring-ws-bom/4.0.13/spring-ws-bom-4.0.13.pom
2025-04-28 18:18:07,089 [Worker-10: Import Getting Started Content] INFO  o.e.m.c.i.e.AbstractTransferListenerAdapter - Downloaded https://repo.maven.apache.org/maven2/org/springframework/ws/spring-ws-bom/4.0.13/spring-ws-bom-4.0.13.pom
2025-04-28 18:18:07,109 [Worker-10: Import Getting Started Content] INFO  o.e.m.c.i.e.AbstractTransferListenerAdapter - Downloading https://repo.maven.apache.org/maven2/org/testcontainers/testcontainers-bom/1.20.6/testcontainers-bom-1.20.6.pom
2025-04-28 18:18:07,144 [Worker-10: Import Getting Started Content] INFO  o.e.m.c.i.e.AbstractTransferListenerAdapter - Downloaded https://repo.maven.apache.org/maven2/org/testcontainers/testcontainers-bom/1.20.6/testcontainers-bom-1.20.6.pom
2025-04-28 18:18:08,135 [Worker-10: Import Getting Started Content] INFO  o.e.m.c.i.e.AbstractTransferListenerAdapter - Downloading https://repo.maven.apache.org/maven2/org/springframework/boot/spring-boot-maven-plugin/3.4.5/spring-boot-maven-plugin-3.4.5.pom
2025-04-28 18:18:08,166 [Worker-10: Import Getting Started Content] INFO  o.e.m.c.i.e.AbstractTransferListenerAdapter - Downloaded https://repo.maven.apache.org/maven2/org/springframework/boot/spring-boot-maven-plugin/3.4.5/spring-boot-maven-plugin-3.4.5.pom
2025-04-28 18:18:08,196 [Worker-10: Import Getting Started Content] INFO  o.e.m.c.i.e.AbstractTransferListenerAdapter - Downloading https://repo.maven.apache.org/maven2/org/springframework/boot/spring-boot-maven-plugin/3.4.5/spring-boot-maven-plugin-3.4.5.jar
2025-04-28 18:18:08,245 [Worker-10: Import Getting Started Content] INFO  o.e.m.c.i.e.AbstractTransferListenerAdapter - Downloaded https://repo.maven.apache.org/maven2/org/springframework/boot/spring-boot-maven-plugin/3.4.5/spring-boot-maven-plugin-3.4.5.jar
2025-04-28 18:18:08,325 [Worker-10: Import Getting Started Content] INFO  o.e.m.c.i.e.AbstractTransferListenerAdapter - Downloading https://repo.maven.apache.org/maven2/org/apache/maven/plugins/maven-clean-plugin/3.4.1/maven-clean-plugin-3.4.1.jar
2025-04-28 18:18:08,689 [Worker-10: Import Getting Started Content] INFO  o.e.m.c.i.e.AbstractTransferListenerAdapter - Downloaded https://repo.maven.apache.org/maven2/org/apache/maven/plugins/maven-clean-plugin/3.4.1/maven-clean-plugin-3.4.1.jar
2025-04-28 18:18:09,083 [Worker-10: Import Getting Started Content] INFO  o.e.m.c.i.e.AbstractTransferListenerAdapter - Downloading https://repo.maven.apache.org/maven2/org/apache/maven/plugins/maven-surefire-plugin/3.5.3/maven-surefire-plugin-3.5.3.jar
2025-04-28 18:18:09,328 [Worker-10: Import Getting Started Content] INFO  o.e.m.c.i.e.AbstractTransferListenerAdapter - Downloaded https://repo.maven.apache.org/maven2/org/apache/maven/plugins/maven-surefire-plugin/3.5.3/maven-surefire-plugin-3.5.3.jar
2025-04-28 18:18:09,651 [Worker-10: Import Getting Started Content] INFO  o.e.m.c.i.e.AbstractTransferListenerAdapter - Downloading https://repo.maven.apache.org/maven2/org/apache/maven/plugins/maven-install-plugin/3.1.4/maven-install-plugin-3.1.4.jar
2025-04-28 18:18:09,921 [Worker-10: Import Getting Started Content] INFO  o.e.m.c.i.e.AbstractTransferListenerAdapter - Downloaded https://repo.maven.apache.org/maven2/org/apache/maven/plugins/maven-install-plugin/3.1.4/maven-install-plugin-3.1.4.jar
2025-04-28 18:18:10,061 [Worker-10: Import Getting Started Content] INFO  o.e.m.c.i.e.AbstractTransferListenerAdapter - Downloading https://repo.maven.apache.org/maven2/org/apache/maven/plugins/maven-deploy-plugin/3.1.4/maven-deploy-plugin-3.1.4.jar
2025-04-28 18:18:10,356 [Worker-10: Import Getting Started Content] INFO  o.e.m.c.i.e.AbstractTransferListenerAdapter - Downloaded https://repo.maven.apache.org/maven2/org/apache/maven/plugins/maven-deploy-plugin/3.1.4/maven-deploy-plugin-3.1.4.jar
2025-04-28 18:18:13,589 [Worker-10: Import Getting Started Content] INFO  o.e.m.c.i.l.LifecycleMappingFactory - Using org.eclipse.m2e.jdt.JarLifecycleMapping lifecycle mapping for MavenProject: com.enzigma:EnzigmaDemo:0.0.1-SNAPSHOT @ C:\Users\admin\Desktop\New folder (5)\Backend\EnzigmaDemo\pom.xml.
2025-04-28 18:18:13,623 [Worker-10: Import Getting Started Content] INFO  o.e.m.c.i.e.AbstractTransferListenerAdapter - Downloading https://repo.maven.apache.org/maven2/org/springframework/boot/spring-boot-starter-data-jpa/3.4.5/spring-boot-starter-data-jpa-3.4.5.pom
2025-04-28 18:18:13,649 [Worker-10: Import Getting Started Content] INFO  o.e.m.c.i.e.AbstractTransferListenerAdapter - Downloaded https://repo.maven.apache.org/maven2/org/springframework/boot/spring-boot-starter-data-jpa/3.4.5/spring-boot-starter-data-jpa-3.4.5.pom
2025-04-28 18:18:13,671 [Worker-10: Import Getting Started Content] INFO  o.e.m.c.i.e.AbstractTransferListenerAdapter - Downloading https://repo.maven.apache.org/maven2/org/springframework/boot/spring-boot-starter/3.4.5/spring-boot-starter-3.4.5.pom
2025-04-28 18:18:13,700 [Worker-10: Import Getting Started Content] INFO  o.e.m.c.i.e.AbstractTransferListenerAdapter - Downloaded https://repo.maven.apache.org/maven2/org/springframework/boot/spring-boot-starter/3.4.5/spring-boot-starter-3.4.5.pom
2025-04-28 18:18:13,716 [Worker-10: Import Getting Started Content] INFO  o.e.m.c.i.e.AbstractTransferListenerAdapter - Downloading https://repo.maven.apache.org/maven2/org/springframework/boot/spring-boot/3.4.5/spring-boot-3.4.5.pom
2025-04-28 18:18:13,744 [Worker-10: Import Getting Started Content] INFO  o.e.m.c.i.e.AbstractTransferListenerAdapter - Downloaded https://repo.maven.apache.org/maven2/org/springframework/boot/spring-boot/3.4.5/spring-boot-3.4.5.pom
2025-04-28 18:18:13,763 [Worker-10: Import Getting Started Content] INFO  o.e.m.c.i.e.AbstractTransferListenerAdapter - Downloading https://repo.maven.apache.org/maven2/org/springframework/spring-core/6.2.6/spring-core-6.2.6.pom
2025-04-28 18:18:13,790 [Worker-10: Import Getting Started Content] INFO  o.e.m.c.i.e.AbstractTransferListenerAdapter - Downloaded https://repo.maven.apache.org/maven2/org/springframework/spring-core/6.2.6/spring-core-6.2.6.pom
2025-04-28 18:18:13,807 [Worker-10: Import Getting Started Content] INFO  o.e.m.c.i.e.AbstractTransferListenerAdapter - Downloading https://repo.maven.apache.org/maven2/org/springframework/spring-jcl/6.2.6/spring-jcl-6.2.6.pom
2025-04-28 18:18:13,858 [Worker-10: Import Getting Started Content] INFO  o.e.m.c.i.e.AbstractTransferListenerAdapter - Downloaded https://repo.maven.apache.org/maven2/org/springframework/spring-jcl/6.2.6/spring-jcl-6.2.6.pom
2025-04-28 18:18:13,882 [Worker-10: Import Getting Started Content] INFO  o.e.m.c.i.e.AbstractTransferListenerAdapter - Downloading https://repo.maven.apache.org/maven2/org/springframework/spring-context/6.2.6/spring-context-6.2.6.pom
2025-04-28 18:18:13,916 [Worker-10: Import Getting Started Content] INFO  o.e.m.c.i.e.AbstractTransferListenerAdapter - Downloaded https://repo.maven.apache.org/maven2/org/springframework/spring-context/6.2.6/spring-context-6.2.6.pom
2025-04-28 18:18:13,950 [Worker-10: Import Getting Started Content] INFO  o.e.m.c.i.e.AbstractTransferListenerAdapter - Downloading https://repo.maven.apache.org/maven2/org/springframework/spring-aop/6.2.6/spring-aop-6.2.6.pom
2025-04-28 18:18:13,988 [Worker-10: Import Getting Started Content] INFO  o.e.m.c.i.e.AbstractTransferListenerAdapter - Downloaded https://repo.maven.apache.org/maven2/org/springframework/spring-aop/6.2.6/spring-aop-6.2.6.pom
2025-04-28 18:18:14,008 [Worker-10: Import Getting Started Content] INFO  o.e.m.c.i.e.AbstractTransferListenerAdapter - Downloading https://repo.maven.apache.org/maven2/org/springframework/spring-beans/6.2.6/spring-beans-6.2.6.pom
2025-04-28 18:18:14,044 [Worker-10: Import Getting Started Content] INFO  o.e.m.c.i.e.AbstractTransferListenerAdapter - Downloaded https://repo.maven.apache.org/maven2/org/springframework/spring-beans/6.2.6/spring-beans-6.2.6.pom
2025-04-28 18:18:14,070 [Worker-10: Import Getting Started Content] INFO  o.e.m.c.i.e.AbstractTransferListenerAdapter - Downloading https://repo.maven.apache.org/maven2/org/springframework/spring-expression/6.2.6/spring-expression-6.2.6.pom
2025-04-28 18:18:14,117 [Worker-10: Import Getting Started Content] INFO  o.e.m.c.i.e.AbstractTransferListenerAdapter - Downloaded https://repo.maven.apache.org/maven2/org/springframework/spring-expression/6.2.6/spring-expression-6.2.6.pom
2025-04-28 18:18:14,143 [Worker-10: Import Getting Started Content] INFO  o.e.m.c.i.e.AbstractTransferListenerAdapter - Downloading https://repo.maven.apache.org/maven2/io/micrometer/micrometer-observation/1.14.6/micrometer-observation-1.14.6.pom
2025-04-28 18:18:14,184 [Worker-10: Import Getting Started Content] INFO  o.e.m.c.i.e.AbstractTransferListenerAdapter - Downloaded https://repo.maven.apache.org/maven2/io/micrometer/micrometer-observation/1.14.6/micrometer-observation-1.14.6.pom
2025-04-28 18:18:14,207 [Worker-10: Import Getting Started Content] INFO  o.e.m.c.i.e.AbstractTransferListenerAdapter - Downloading https://repo.maven.apache.org/maven2/io/micrometer/micrometer-commons/1.14.6/micrometer-commons-1.14.6.pom
2025-04-28 18:18:14,246 [Worker-10: Import Getting Started Content] INFO  o.e.m.c.i.e.AbstractTransferListenerAdapter - Downloaded https://repo.maven.apache.org/maven2/io/micrometer/micrometer-commons/1.14.6/micrometer-commons-1.14.6.pom
2025-04-28 18:18:14,264 [Worker-10: Import Getting Started Content] INFO  o.e.m.c.i.e.AbstractTransferListenerAdapter - Downloading https://repo.maven.apache.org/maven2/org/springframework/boot/spring-boot-autoconfigure/3.4.5/spring-boot-autoconfigure-3.4.5.pom
2025-04-28 18:18:14,306 [Worker-10: Import Getting Started Content] INFO  o.e.m.c.i.e.AbstractTransferListenerAdapter - Downloaded https://repo.maven.apache.org/maven2/org/springframework/boot/spring-boot-autoconfigure/3.4.5/spring-boot-autoconfigure-3.4.5.pom
2025-04-28 18:18:14,329 [Worker-10: Import Getting Started Content] INFO  o.e.m.c.i.e.AbstractTransferListenerAdapter - Downloading https://repo.maven.apache.org/maven2/org/springframework/boot/spring-boot-starter-logging/3.4.5/spring-boot-starter-logging-3.4.5.pom
2025-04-28 18:18:14,369 [Worker-10: Import Getting Started Content] INFO  o.e.m.c.i.e.AbstractTransferListenerAdapter - Downloaded https://repo.maven.apache.org/maven2/org/springframework/boot/spring-boot-starter-logging/3.4.5/spring-boot-starter-logging-3.4.5.pom
2025-04-28 18:18:14,389 [Worker-10: Import Getting Started Content] INFO  o.e.m.c.i.e.AbstractTransferListenerAdapter - Downloading https://repo.maven.apache.org/maven2/ch/qos/logback/logback-classic/1.5.18/logback-classic-1.5.18.pom
2025-04-28 18:18:14,422 [Worker-10: Import Getting Started Content] INFO  o.e.m.c.i.e.AbstractTransferListenerAdapter - Downloaded https://repo.maven.apache.org/maven2/ch/qos/logback/logback-classic/1.5.18/logback-classic-1.5.18.pom
2025-04-28 18:18:14,454 [Worker-10: Import Getting Started Content] INFO  o.e.m.c.i.e.AbstractTransferListenerAdapter - Downloading https://repo.maven.apache.org/maven2/ch/qos/logback/logback-parent/1.5.18/logback-parent-1.5.18.pom
2025-04-28 18:18:14,493 [Worker-10: Import Getting Started Content] INFO  o.e.m.c.i.e.AbstractTransferListenerAdapter - Downloaded https://repo.maven.apache.org/maven2/ch/qos/logback/logback-parent/1.5.18/logback-parent-1.5.18.pom
2025-04-28 18:18:14,556 [Worker-13: reload maven project] INFO  o.e.m.c.i.e.AbstractTransferListenerAdapter - Downloading https://repo.maven.apache.org/maven2/ch/qos/logback/logback-core/1.5.18/logback-core-1.5.18.pom
2025-04-28 18:18:14,592 [Worker-13: reload maven project] INFO  o.e.m.c.i.e.AbstractTransferListenerAdapter - Downloaded https://repo.maven.apache.org/maven2/ch/qos/logback/logback-core/1.5.18/logback-core-1.5.18.pom
2025-04-28 18:18:14,622 [Worker-10: Import Getting Started Content] INFO  o.e.m.c.i.e.AbstractTransferListenerAdapter - Downloading https://repo.maven.apache.org/maven2/org/slf4j/slf4j-api/2.0.17/slf4j-api-2.0.17.pom
2025-04-28 18:18:14,651 [Worker-10: Import Getting Started Content] INFO  o.e.m.c.i.e.AbstractTransferListenerAdapter - Downloaded https://repo.maven.apache.org/maven2/org/slf4j/slf4j-api/2.0.17/slf4j-api-2.0.17.pom
2025-04-28 18:18:14,666 [Worker-10: Import Getting Started Content] INFO  o.e.m.c.i.e.AbstractTransferListenerAdapter - Downloading https://repo.maven.apache.org/maven2/org/slf4j/slf4j-parent/2.0.17/slf4j-parent-2.0.17.pom
2025-04-28 18:18:14,701 [Worker-10: Import Getting Started Content] INFO  o.e.m.c.i.e.AbstractTransferListenerAdapter - Downloaded https://repo.maven.apache.org/maven2/org/slf4j/slf4j-parent/2.0.17/slf4j-parent-2.0.17.pom
2025-04-28 18:18:14,733 [Worker-13: reload maven project] INFO  o.e.m.c.i.e.AbstractTransferListenerAdapter - Downloading https://repo.maven.apache.org/maven2/org/slf4j/slf4j-bom/2.0.17/slf4j-bom-2.0.17.pom
2025-04-28 18:18:14,760 [Worker-13: reload maven project] INFO  o.e.m.c.i.e.AbstractTransferListenerAdapter - Downloaded https://repo.maven.apache.org/maven2/org/slf4j/slf4j-bom/2.0.17/slf4j-bom-2.0.17.pom
2025-04-28 18:18:15,362 [Worker-10: Import Getting Started Content] INFO  o.e.m.c.i.e.AbstractTransferListenerAdapter - Downloading https://repo.maven.apache.org/maven2/org/slf4j/jul-to-slf4j/2.0.17/jul-to-slf4j-2.0.17.pom
2025-04-28 18:18:15,422 [Worker-10: Import Getting Started Content] INFO  o.e.m.c.i.e.AbstractTransferListenerAdapter - Downloaded https://repo.maven.apache.org/maven2/org/slf4j/jul-to-slf4j/2.0.17/jul-to-slf4j-2.0.17.pom
2025-04-28 18:18:15,545 [Worker-10: Import Getting Started Content] INFO  o.e.m.c.i.e.AbstractTransferListenerAdapter - Downloading https://repo.maven.apache.org/maven2/org/springframework/boot/spring-boot-starter-jdbc/3.4.5/spring-boot-starter-jdbc-3.4.5.pom
2025-04-28 18:18:15,579 [Worker-10: Import Getting Started Content] INFO  o.e.m.c.i.e.AbstractTransferListenerAdapter - Downloaded https://repo.maven.apache.org/maven2/org/springframework/boot/spring-boot-starter-jdbc/3.4.5/spring-boot-starter-jdbc-3.4.5.pom
2025-04-28 18:18:15,636 [Worker-13: reload maven project] INFO  o.e.m.c.i.e.AbstractTransferListenerAdapter - Downloading https://repo.maven.apache.org/maven2/org/springframework/spring-jdbc/6.2.6/spring-jdbc-6.2.6.pom
2025-04-28 18:18:15,680 [Worker-13: reload maven project] INFO  o.e.m.c.i.e.AbstractTransferListenerAdapter - Downloaded https://repo.maven.apache.org/maven2/org/springframework/spring-jdbc/6.2.6/spring-jdbc-6.2.6.pom
2025-04-28 18:18:15,728 [Worker-13: reload maven project] INFO  o.e.m.c.i.e.AbstractTransferListenerAdapter - Downloading https://repo.maven.apache.org/maven2/org/springframework/spring-tx/6.2.6/spring-tx-6.2.6.pom
2025-04-28 18:18:15,784 [Worker-13: reload maven project] INFO  o.e.m.c.i.e.AbstractTransferListenerAdapter - Downloaded https://repo.maven.apache.org/maven2/org/springframework/spring-tx/6.2.6/spring-tx-6.2.6.pom
2025-04-28 18:18:15,815 [Worker-13: reload maven project] INFO  o.e.m.c.i.e.AbstractTransferListenerAdapter - Downloading https://repo.maven.apache.org/maven2/org/hibernate/orm/hibernate-core/6.6.13.Final/hibernate-core-6.6.13.Final.pom
2025-04-28 18:18:15,867 [Worker-13: reload maven project] INFO  o.e.m.c.i.e.AbstractTransferListenerAdapter - Downloaded https://repo.maven.apache.org/maven2/org/hibernate/orm/hibernate-core/6.6.13.Final/hibernate-core-6.6.13.Final.pom
2025-04-28 18:18:16,867 [Worker-10: Import Getting Started Content] INFO  o.e.m.c.i.e.AbstractTransferListenerAdapter - Downloading https://repo.maven.apache.org/maven2/org/springframework/data/spring-data-jpa/3.4.5/spring-data-jpa-3.4.5.pom
2025-04-28 18:18:16,912 [Worker-10: Import Getting Started Content] INFO  o.e.m.c.i.e.AbstractTransferListenerAdapter - Downloaded https://repo.maven.apache.org/maven2/org/springframework/data/spring-data-jpa/3.4.5/spring-data-jpa-3.4.5.pom
2025-04-28 18:18:16,962 [Worker-13: reload maven project] INFO  o.e.m.c.i.e.AbstractTransferListenerAdapter - Downloading https://repo.maven.apache.org/maven2/org/springframework/data/spring-data-jpa-parent/3.4.5/spring-data-jpa-parent-3.4.5.pom
2025-04-28 18:18:17,012 [Worker-13: reload maven project] INFO  o.e.m.c.i.e.AbstractTransferListenerAdapter - Downloaded https://repo.maven.apache.org/maven2/org/springframework/data/spring-data-jpa-parent/3.4.5/spring-data-jpa-parent-3.4.5.pom
2025-04-28 18:18:17,037 [Worker-13: reload maven project] INFO  o.e.m.c.i.e.AbstractTransferListenerAdapter - Downloading https://repo.maven.apache.org/maven2/org/springframework/data/build/spring-data-parent/3.4.5/spring-data-parent-3.4.5.pom
2025-04-28 18:18:17,128 [Worker-13: reload maven project] INFO  o.e.m.c.i.e.AbstractTransferListenerAdapter - Downloaded https://repo.maven.apache.org/maven2/org/springframework/data/build/spring-data-parent/3.4.5/spring-data-parent-3.4.5.pom
2025-04-28 18:18:17,172 [Worker-13: reload maven project] INFO  o.e.m.c.i.e.AbstractTransferListenerAdapter - Downloading https://repo.maven.apache.org/maven2/org/springframework/data/build/spring-data-build/3.4.5/spring-data-build-3.4.5.pom
2025-04-28 18:18:17,224 [Worker-13: reload maven project] INFO  o.e.m.c.i.e.AbstractTransferListenerAdapter - Downloaded https://repo.maven.apache.org/maven2/org/springframework/data/build/spring-data-build/3.4.5/spring-data-build-3.4.5.pom
2025-04-28 18:18:17,313 [Worker-13: reload maven project] INFO  o.e.m.c.i.e.AbstractTransferListenerAdapter - Downloading https://repo.maven.apache.org/maven2/org/springframework/data/spring-data-commons/3.4.5/spring-data-commons-3.4.5.pom
2025-04-28 18:18:17,369 [Worker-13: reload maven project] INFO  o.e.m.c.i.e.AbstractTransferListenerAdapter - Downloaded https://repo.maven.apache.org/maven2/org/springframework/data/spring-data-commons/3.4.5/spring-data-commons-3.4.5.pom
2025-04-28 18:18:17,416 [Worker-13: reload maven project] INFO  o.e.m.c.i.e.AbstractTransferListenerAdapter - Downloading https://repo.maven.apache.org/maven2/org/springframework/spring-orm/6.2.6/spring-orm-6.2.6.pom
2025-04-28 18:18:17,461 [Worker-13: reload maven project] INFO  o.e.m.c.i.e.AbstractTransferListenerAdapter - Downloaded https://repo.maven.apache.org/maven2/org/springframework/spring-orm/6.2.6/spring-orm-6.2.6.pom
2025-04-28 18:18:17,485 [Worker-13: reload maven project] INFO  o.e.m.c.i.e.AbstractTransferListenerAdapter - Downloading https://repo.maven.apache.org/maven2/org/springframework/spring-aspects/6.2.6/spring-aspects-6.2.6.pom
2025-04-28 18:18:17,535 [Worker-13: reload maven project] INFO  o.e.m.c.i.e.AbstractTransferListenerAdapter - Downloaded https://repo.maven.apache.org/maven2/org/springframework/spring-aspects/6.2.6/spring-aspects-6.2.6.pom
2025-04-28 18:18:17,556 [Worker-13: reload maven project] INFO  o.e.m.c.i.e.AbstractTransferListenerAdapter - Downloading https://repo.maven.apache.org/maven2/org/aspectj/aspectjweaver/1.9.24/aspectjweaver-1.9.24.pom
2025-04-28 18:18:17,601 [Worker-13: reload maven project] INFO  o.e.m.c.i.e.AbstractTransferListenerAdapter - Downloaded https://repo.maven.apache.org/maven2/org/aspectj/aspectjweaver/1.9.24/aspectjweaver-1.9.24.pom
2025-04-28 18:18:17,632 [Worker-13: reload maven project] INFO  o.e.m.c.i.e.AbstractTransferListenerAdapter - Downloading https://repo.maven.apache.org/maven2/org/springframework/boot/spring-boot-starter-security/3.4.5/spring-boot-starter-security-3.4.5.pom
2025-04-28 18:18:17,671 [Worker-13: reload maven project] INFO  o.e.m.c.i.e.AbstractTransferListenerAdapter - Downloaded https://repo.maven.apache.org/maven2/org/springframework/boot/spring-boot-starter-security/3.4.5/spring-boot-starter-security-3.4.5.pom
2025-04-28 18:18:17,699 [Worker-13: reload maven project] INFO  o.e.m.c.i.e.AbstractTransferListenerAdapter - Downloading https://repo.maven.apache.org/maven2/org/springframework/security/spring-security-config/6.4.5/spring-security-config-6.4.5.pom
2025-04-28 18:18:17,735 [Worker-13: reload maven project] INFO  o.e.m.c.i.e.AbstractTransferListenerAdapter - Downloaded https://repo.maven.apache.org/maven2/org/springframework/security/spring-security-config/6.4.5/spring-security-config-6.4.5.pom
2025-04-28 18:18:17,754 [Worker-13: reload maven project] INFO  o.e.m.c.i.e.AbstractTransferListenerAdapter - Downloading https://repo.maven.apache.org/maven2/org/springframework/security/spring-security-core/6.4.5/spring-security-core-6.4.5.pom
2025-04-28 18:18:17,783 [Worker-13: reload maven project] INFO  o.e.m.c.i.e.AbstractTransferListenerAdapter - Downloaded https://repo.maven.apache.org/maven2/org/springframework/security/spring-security-core/6.4.5/spring-security-core-6.4.5.pom
2025-04-28 18:18:17,806 [Worker-13: reload maven project] INFO  o.e.m.c.i.e.AbstractTransferListenerAdapter - Downloading https://repo.maven.apache.org/maven2/org/springframework/security/spring-security-crypto/6.4.5/spring-security-crypto-6.4.5.pom
2025-04-28 18:18:17,844 [Worker-13: reload maven project] INFO  o.e.m.c.i.e.AbstractTransferListenerAdapter - Downloaded https://repo.maven.apache.org/maven2/org/springframework/security/spring-security-crypto/6.4.5/spring-security-crypto-6.4.5.pom
2025-04-28 18:18:17,868 [Worker-13: reload maven project] INFO  o.e.m.c.i.e.AbstractTransferListenerAdapter - Downloading https://repo.maven.apache.org/maven2/org/springframework/security/spring-security-web/6.4.5/spring-security-web-6.4.5.pom
2025-04-28 18:18:17,900 [Worker-13: reload maven project] INFO  o.e.m.c.i.e.AbstractTransferListenerAdapter - Downloaded https://repo.maven.apache.org/maven2/org/springframework/security/spring-security-web/6.4.5/spring-security-web-6.4.5.pom
2025-04-28 18:18:17,926 [Worker-13: reload maven project] INFO  o.e.m.c.i.e.AbstractTransferListenerAdapter - Downloading https://repo.maven.apache.org/maven2/org/springframework/spring-web/6.2.6/spring-web-6.2.6.pom
2025-04-28 18:18:17,969 [Worker-13: reload maven project] INFO  o.e.m.c.i.e.AbstractTransferListenerAdapter - Downloaded https://repo.maven.apache.org/maven2/org/springframework/spring-web/6.2.6/spring-web-6.2.6.pom
2025-04-28 18:18:18,024 [Worker-10: Import Getting Started Content] INFO  o.e.m.c.i.e.AbstractTransferListenerAdapter - Downloading https://repo.maven.apache.org/maven2/org/springframework/boot/spring-boot-starter-web/3.4.5/spring-boot-starter-web-3.4.5.pom
2025-04-28 18:18:18,052 [Worker-10: Import Getting Started Content] INFO  o.e.m.c.i.e.AbstractTransferListenerAdapter - Downloaded https://repo.maven.apache.org/maven2/org/springframework/boot/spring-boot-starter-web/3.4.5/spring-boot-starter-web-3.4.5.pom
2025-04-28 18:18:18,073 [Worker-10: Import Getting Started Content] INFO  o.e.m.c.i.e.AbstractTransferListenerAdapter - Downloading https://repo.maven.apache.org/maven2/org/springframework/boot/spring-boot-starter-json/3.4.5/spring-boot-starter-json-3.4.5.pom
2025-04-28 18:18:18,105 [Worker-10: Import Getting Started Content] INFO  o.e.m.c.i.e.AbstractTransferListenerAdapter - Downloaded https://repo.maven.apache.org/maven2/org/springframework/boot/spring-boot-starter-json/3.4.5/spring-boot-starter-json-3.4.5.pom
2025-04-28 18:18:18,134 [Worker-10: Import Getting Started Content] INFO  o.e.m.c.i.e.AbstractTransferListenerAdapter - Downloading https://repo.maven.apache.org/maven2/com/fasterxml/jackson/core/jackson-databind/2.18.3/jackson-databind-2.18.3.pom
2025-04-28 18:18:18,170 [Worker-10: Import Getting Started Content] INFO  o.e.m.c.i.e.AbstractTransferListenerAdapter - Downloaded https://repo.maven.apache.org/maven2/com/fasterxml/jackson/core/jackson-databind/2.18.3/jackson-databind-2.18.3.pom
2025-04-28 18:18:18,218 [Worker-13: reload maven project] INFO  o.e.m.c.i.e.AbstractTransferListenerAdapter - Downloading https://repo.maven.apache.org/maven2/com/fasterxml/jackson/jackson-base/2.18.3/jackson-base-2.18.3.pom
2025-04-28 18:18:18,252 [Worker-13: reload maven project] INFO  o.e.m.c.i.e.AbstractTransferListenerAdapter - Downloaded https://repo.maven.apache.org/maven2/com/fasterxml/jackson/jackson-base/2.18.3/jackson-base-2.18.3.pom
2025-04-28 18:18:18,307 [Worker-10: Import Getting Started Content] INFO  o.e.m.c.i.e.AbstractTransferListenerAdapter - Downloading https://repo.maven.apache.org/maven2/com/fasterxml/jackson/core/jackson-annotations/2.18.3/jackson-annotations-2.18.3.pom
2025-04-28 18:18:18,347 [Worker-10: Import Getting Started Content] INFO  o.e.m.c.i.e.AbstractTransferListenerAdapter - Downloaded https://repo.maven.apache.org/maven2/com/fasterxml/jackson/core/jackson-annotations/2.18.3/jackson-annotations-2.18.3.pom
2025-04-28 18:18:18,396 [Worker-10: Import Getting Started Content] INFO  o.e.m.c.i.e.AbstractTransferListenerAdapter - Downloading https://repo.maven.apache.org/maven2/com/fasterxml/jackson/core/jackson-core/2.18.3/jackson-core-2.18.3.pom
2025-04-28 18:18:18,444 [Worker-10: Import Getting Started Content] INFO  o.e.m.c.i.e.AbstractTransferListenerAdapter - Downloaded https://repo.maven.apache.org/maven2/com/fasterxml/jackson/core/jackson-core/2.18.3/jackson-core-2.18.3.pom
2025-04-28 18:18:18,485 [Worker-13: reload maven project] INFO  o.e.m.c.i.e.AbstractTransferListenerAdapter - Downloading https://repo.maven.apache.org/maven2/com/fasterxml/jackson/datatype/jackson-datatype-jdk8/2.18.3/jackson-datatype-jdk8-2.18.3.pom
2025-04-28 18:18:18,517 [Worker-13: reload maven project] INFO  o.e.m.c.i.e.AbstractTransferListenerAdapter - Downloaded https://repo.maven.apache.org/maven2/com/fasterxml/jackson/datatype/jackson-datatype-jdk8/2.18.3/jackson-datatype-jdk8-2.18.3.pom
2025-04-28 18:18:18,560 [Worker-13: reload maven project] INFO  o.e.m.c.i.e.AbstractTransferListenerAdapter - Downloading https://repo.maven.apache.org/maven2/com/fasterxml/jackson/module/jackson-modules-java8/2.18.3/jackson-modules-java8-2.18.3.pom
2025-04-28 18:18:18,596 [Worker-13: reload maven project] INFO  o.e.m.c.i.e.AbstractTransferListenerAdapter - Downloaded https://repo.maven.apache.org/maven2/com/fasterxml/jackson/module/jackson-modules-java8/2.18.3/jackson-modules-java8-2.18.3.pom
2025-04-28 18:18:18,617 [Worker-13: reload maven project] INFO  o.e.m.c.i.e.AbstractTransferListenerAdapter - Downloading https://repo.maven.apache.org/maven2/com/fasterxml/jackson/datatype/jackson-datatype-jsr310/2.18.3/jackson-datatype-jsr310-2.18.3.pom
2025-04-28 18:18:18,647 [Worker-13: reload maven project] INFO  o.e.m.c.i.e.AbstractTransferListenerAdapter - Downloaded https://repo.maven.apache.org/maven2/com/fasterxml/jackson/datatype/jackson-datatype-jsr310/2.18.3/jackson-datatype-jsr310-2.18.3.pom
2025-04-28 18:18:18,667 [Worker-13: reload maven project] INFO  o.e.m.c.i.e.AbstractTransferListenerAdapter - Downloading https://repo.maven.apache.org/maven2/com/fasterxml/jackson/module/jackson-module-parameter-names/2.18.3/jackson-module-parameter-names-2.18.3.pom
2025-04-28 18:18:18,701 [Worker-13: reload maven project] INFO  o.e.m.c.i.e.AbstractTransferListenerAdapter - Downloaded https://repo.maven.apache.org/maven2/com/fasterxml/jackson/module/jackson-module-parameter-names/2.18.3/jackson-module-parameter-names-2.18.3.pom
2025-04-28 18:18:18,723 [Worker-13: reload maven project] INFO  o.e.m.c.i.e.AbstractTransferListenerAdapter - Downloading https://repo.maven.apache.org/maven2/org/springframework/boot/spring-boot-starter-tomcat/3.4.5/spring-boot-starter-tomcat-3.4.5.pom
2025-04-28 18:18:18,761 [Worker-13: reload maven project] INFO  o.e.m.c.i.e.AbstractTransferListenerAdapter - Downloaded https://repo.maven.apache.org/maven2/org/springframework/boot/spring-boot-starter-tomcat/3.4.5/spring-boot-starter-tomcat-3.4.5.pom
2025-04-28 18:18:18,820 [Worker-13: reload maven project] INFO  o.e.m.c.i.e.AbstractTransferListenerAdapter - Downloading https://repo.maven.apache.org/maven2/org/apache/tomcat/embed/tomcat-embed-core/10.1.40/tomcat-embed-core-10.1.40.pom
2025-04-28 18:18:18,856 [Worker-13: reload maven project] INFO  o.e.m.c.i.e.AbstractTransferListenerAdapter - Downloaded https://repo.maven.apache.org/maven2/org/apache/tomcat/embed/tomcat-embed-core/10.1.40/tomcat-embed-core-10.1.40.pom
2025-04-28 18:18:18,896 [Worker-13: reload maven project] INFO  o.e.m.c.i.e.AbstractTransferListenerAdapter - Downloading https://repo.maven.apache.org/maven2/org/apache/tomcat/embed/tomcat-embed-el/10.1.40/tomcat-embed-el-10.1.40.pom
2025-04-28 18:18:18,925 [Worker-13: reload maven project] INFO  o.e.m.c.i.e.AbstractTransferListenerAdapter - Downloaded https://repo.maven.apache.org/maven2/org/apache/tomcat/embed/tomcat-embed-el/10.1.40/tomcat-embed-el-10.1.40.pom
2025-04-28 18:18:18,942 [Worker-13: reload maven project] INFO  o.e.m.c.i.e.AbstractTransferListenerAdapter - Downloading https://repo.maven.apache.org/maven2/org/apache/tomcat/embed/tomcat-embed-websocket/10.1.40/tomcat-embed-websocket-10.1.40.pom
2025-04-28 18:18:18,969 [Worker-13: reload maven project] INFO  o.e.m.c.i.e.AbstractTransferListenerAdapter - Downloaded https://repo.maven.apache.org/maven2/org/apache/tomcat/embed/tomcat-embed-websocket/10.1.40/tomcat-embed-websocket-10.1.40.pom
2025-04-28 18:18:19,008 [Worker-13: reload maven project] INFO  o.e.m.c.i.e.AbstractTransferListenerAdapter - Downloading https://repo.maven.apache.org/maven2/org/springframework/spring-webmvc/6.2.6/spring-webmvc-6.2.6.pom
2025-04-28 18:18:19,045 [Worker-13: reload maven project] INFO  o.e.m.c.i.e.AbstractTransferListenerAdapter - Downloaded https://repo.maven.apache.org/maven2/org/springframework/spring-webmvc/6.2.6/spring-webmvc-6.2.6.pom
2025-04-28 18:18:19,064 [Worker-13: reload maven project] INFO  o.e.m.c.i.e.AbstractTransferListenerAdapter - Downloading https://repo.maven.apache.org/maven2/org/springframework/boot/spring-boot-devtools/3.4.5/spring-boot-devtools-3.4.5.pom
2025-04-28 18:18:19,107 [Worker-13: reload maven project] INFO  o.e.m.c.i.e.AbstractTransferListenerAdapter - Downloaded https://repo.maven.apache.org/maven2/org/springframework/boot/spring-boot-devtools/3.4.5/spring-boot-devtools-3.4.5.pom
2025-04-28 18:18:19,157 [Worker-13: reload maven project] INFO  o.e.m.c.i.e.AbstractTransferListenerAdapter - Downloading https://repo.maven.apache.org/maven2/org/projectlombok/lombok/1.18.38/lombok-1.18.38.pom
2025-04-28 18:18:19,190 [Worker-13: reload maven project] INFO  o.e.m.c.i.e.AbstractTransferListenerAdapter - Downloaded https://repo.maven.apache.org/maven2/org/projectlombok/lombok/1.18.38/lombok-1.18.38.pom
2025-04-28 18:18:19,229 [Worker-13: reload maven project] INFO  o.e.m.c.i.e.AbstractTransferListenerAdapter - Downloading https://repo.maven.apache.org/maven2/org/springframework/boot/spring-boot-starter-test/3.4.5/spring-boot-starter-test-3.4.5.pom
2025-04-28 18:18:19,268 [Worker-13: reload maven project] INFO  o.e.m.c.i.e.AbstractTransferListenerAdapter - Downloaded https://repo.maven.apache.org/maven2/org/springframework/boot/spring-boot-starter-test/3.4.5/spring-boot-starter-test-3.4.5.pom
2025-04-28 18:18:19,310 [Worker-13: reload maven project] INFO  o.e.m.c.i.e.AbstractTransferListenerAdapter - Downloading https://repo.maven.apache.org/maven2/org/springframework/boot/spring-boot-test/3.4.5/spring-boot-test-3.4.5.pom
2025-04-28 18:18:19,354 [Worker-13: reload maven project] INFO  o.e.m.c.i.e.AbstractTransferListenerAdapter - Downloaded https://repo.maven.apache.org/maven2/org/springframework/boot/spring-boot-test/3.4.5/spring-boot-test-3.4.5.pom
2025-04-28 18:18:19,405 [Worker-10: Import Getting Started Content] INFO  o.e.m.c.i.e.AbstractTransferListenerAdapter - Downloading https://repo.maven.apache.org/maven2/org/springframework/spring-test/6.2.6/spring-test-6.2.6.pom
2025-04-28 18:18:19,454 [Worker-10: Import Getting Started Content] INFO  o.e.m.c.i.e.AbstractTransferListenerAdapter - Downloaded https://repo.maven.apache.org/maven2/org/springframework/spring-test/6.2.6/spring-test-6.2.6.pom
2025-04-28 18:18:19,482 [Worker-10: Import Getting Started Content] INFO  o.e.m.c.i.e.AbstractTransferListenerAdapter - Downloading https://repo.maven.apache.org/maven2/org/springframework/boot/spring-boot-test-autoconfigure/3.4.5/spring-boot-test-autoconfigure-3.4.5.pom
2025-04-28 18:18:19,521 [Worker-10: Import Getting Started Content] INFO  o.e.m.c.i.e.AbstractTransferListenerAdapter - Downloaded https://repo.maven.apache.org/maven2/org/springframework/boot/spring-boot-test-autoconfigure/3.4.5/spring-boot-test-autoconfigure-3.4.5.pom
2025-04-28 18:18:19,579 [Worker-10: Import Getting Started Content] INFO  o.e.m.c.i.e.AbstractTransferListenerAdapter - Downloading https://repo.maven.apache.org/maven2/net/minidev/json-smart/2.5.2/json-smart-2.5.2.pom
2025-04-28 18:18:19,629 [Worker-10: Import Getting Started Content] INFO  o.e.m.c.i.e.AbstractTransferListenerAdapter - Downloaded https://repo.maven.apache.org/maven2/net/minidev/json-smart/2.5.2/json-smart-2.5.2.pom
2025-04-28 18:18:19,665 [Worker-13: reload maven project] INFO  o.e.m.c.i.e.AbstractTransferListenerAdapter - Downloading https://repo.maven.apache.org/maven2/net/minidev/accessors-smart/2.5.2/accessors-smart-2.5.2.pom
2025-04-28 18:18:19,711 [Worker-13: reload maven project] INFO  o.e.m.c.i.e.AbstractTransferListenerAdapter - Downloaded https://repo.maven.apache.org/maven2/net/minidev/accessors-smart/2.5.2/accessors-smart-2.5.2.pom
2025-04-28 18:18:19,746 [Worker-13: reload maven project] INFO  o.e.m.c.i.e.AbstractTransferListenerAdapter - Downloading https://repo.maven.apache.org/maven2/org/ow2/asm/asm/9.7.1/asm-9.7.1.pom
2025-04-28 18:18:19,782 [Worker-13: reload maven project] INFO  o.e.m.c.i.e.AbstractTransferListenerAdapter - Downloaded https://repo.maven.apache.org/maven2/org/ow2/asm/asm/9.7.1/asm-9.7.1.pom
2025-04-28 18:18:20,698 [Worker-13: reload maven project] INFO  o.e.m.c.i.e.AbstractTransferListenerAdapter - Downloading https://repo.maven.apache.org/maven2/org/springframework/security/spring-security-test/6.4.5/spring-security-test-6.4.5.pom
2025-04-28 18:18:20,745 [Worker-13: reload maven project] INFO  o.e.m.c.i.e.AbstractTransferListenerAdapter - Downloaded https://repo.maven.apache.org/maven2/org/springframework/security/spring-security-test/6.4.5/spring-security-test-6.4.5.pom
2025-04-28 18:18:20,945 [Worker-13: reload maven project] INFO  o.e.m.c.i.e.AbstractTransferListenerAdapter - Downloading https://repo.maven.apache.org/maven2/org/springframework/boot/spring-boot-starter-data-jpa/3.4.5/spring-boot-starter-data-jpa-3.4.5.jar
2025-04-28 18:18:21,065 [Worker-13: reload maven project] INFO  o.e.m.c.i.e.AbstractTransferListenerAdapter - Downloaded https://repo.maven.apache.org/maven2/org/springframework/boot/spring-boot-starter-data-jpa/3.4.5/spring-boot-starter-data-jpa-3.4.5.jar
2025-04-28 18:18:21,079 [BasicRepositoryConnector-repo.maven.apache.org-0-0] INFO  o.e.m.c.i.e.AbstractTransferListenerAdapter - Downloading https://repo.maven.apache.org/maven2/org/springframework/boot/spring-boot-starter/3.4.5/spring-boot-starter-3.4.5.jar
2025-04-28 18:18:21,119 [BasicRepositoryConnector-repo.maven.apache.org-0-3] INFO  o.e.m.c.i.e.AbstractTransferListenerAdapter - Downloading https://repo.maven.apache.org/maven2/ch/qos/logback/logback-core/1.5.18/logback-core-1.5.18.jar
2025-04-28 18:18:21,126 [BasicRepositoryConnector-repo.maven.apache.org-0-4] INFO  o.e.m.c.i.e.AbstractTransferListenerAdapter - Downloading https://repo.maven.apache.org/maven2/org/slf4j/jul-to-slf4j/2.0.17/jul-to-slf4j-2.0.17.jar
2025-04-28 18:18:21,172 [BasicRepositoryConnector-repo.maven.apache.org-0-1] INFO  o.e.m.c.i.e.AbstractTransferListenerAdapter - Downloading https://repo.maven.apache.org/maven2/org/springframework/boot/spring-boot-starter-logging/3.4.5/spring-boot-starter-logging-3.4.5.jar
2025-04-28 18:18:21,172 [BasicRepositoryConnector-repo.maven.apache.org-0-2] INFO  o.e.m.c.i.e.AbstractTransferListenerAdapter - Downloading https://repo.maven.apache.org/maven2/ch/qos/logback/logback-classic/1.5.18/logback-classic-1.5.18.jar
2025-04-28 18:18:21,177 [BasicRepositoryConnector-repo.maven.apache.org-0-0] INFO  o.e.m.c.i.e.AbstractTransferListenerAdapter - Downloaded https://repo.maven.apache.org/maven2/org/springframework/boot/spring-boot-starter/3.4.5/spring-boot-starter-3.4.5.jar
2025-04-28 18:18:21,200 [BasicRepositoryConnector-repo.maven.apache.org-0-0] INFO  o.e.m.c.i.e.AbstractTransferListenerAdapter - Downloading https://repo.maven.apache.org/maven2/org/springframework/boot/spring-boot-starter-jdbc/3.4.5/spring-boot-starter-jdbc-3.4.5.jar
2025-04-28 18:18:21,319 [BasicRepositoryConnector-repo.maven.apache.org-0-1] INFO  o.e.m.c.i.e.AbstractTransferListenerAdapter - Downloaded https://repo.maven.apache.org/maven2/org/springframework/boot/spring-boot-starter-logging/3.4.5/spring-boot-starter-logging-3.4.5.jar
2025-04-28 18:18:21,341 [BasicRepositoryConnector-repo.maven.apache.org-0-1] INFO  o.e.m.c.i.e.AbstractTransferListenerAdapter - Downloading https://repo.maven.apache.org/maven2/org/springframework/spring-jdbc/6.2.6/spring-jdbc-6.2.6.jar
2025-04-28 18:18:21,346 [BasicRepositoryConnector-repo.maven.apache.org-0-0] INFO  o.e.m.c.i.e.AbstractTransferListenerAdapter - Downloaded https://repo.maven.apache.org/maven2/org/springframework/boot/spring-boot-starter-jdbc/3.4.5/spring-boot-starter-jdbc-3.4.5.jar
2025-04-28 18:18:21,349 [BasicRepositoryConnector-repo.maven.apache.org-0-4] INFO  o.e.m.c.i.e.AbstractTransferListenerAdapter - Downloaded https://repo.maven.apache.org/maven2/org/slf4j/jul-to-slf4j/2.0.17/jul-to-slf4j-2.0.17.jar
2025-04-28 18:18:21,371 [BasicRepositoryConnector-repo.maven.apache.org-0-0] INFO  o.e.m.c.i.e.AbstractTransferListenerAdapter - Downloading https://repo.maven.apache.org/maven2/org/hibernate/orm/hibernate-core/6.6.13.Final/hibernate-core-6.6.13.Final.jar
2025-04-28 18:18:21,375 [BasicRepositoryConnector-repo.maven.apache.org-0-4] INFO  o.e.m.c.i.e.AbstractTransferListenerAdapter - Downloading https://repo.maven.apache.org/maven2/org/springframework/data/spring-data-jpa/3.4.5/spring-data-jpa-3.4.5.jar
2025-04-28 18:18:21,396 [BasicRepositoryConnector-repo.maven.apache.org-0-3] INFO  o.e.m.c.i.e.AbstractTransferListenerAdapter - Downloaded https://repo.maven.apache.org/maven2/ch/qos/logback/logback-core/1.5.18/logback-core-1.5.18.jar
2025-04-28 18:18:21,445 [BasicRepositoryConnector-repo.maven.apache.org-0-2] INFO  o.e.m.c.i.e.AbstractTransferListenerAdapter - Downloaded https://repo.maven.apache.org/maven2/ch/qos/logback/logback-classic/1.5.18/logback-classic-1.5.18.jar
2025-04-28 18:18:21,446 [BasicRepositoryConnector-repo.maven.apache.org-0-3] INFO  o.e.m.c.i.e.AbstractTransferListenerAdapter - Downloading https://repo.maven.apache.org/maven2/org/springframework/data/spring-data-commons/3.4.5/spring-data-commons-3.4.5.jar
2025-04-28 18:18:21,481 [BasicRepositoryConnector-repo.maven.apache.org-0-2] INFO  o.e.m.c.i.e.AbstractTransferListenerAdapter - Downloading https://repo.maven.apache.org/maven2/org/springframework/spring-orm/6.2.6/spring-orm-6.2.6.jar
2025-04-28 18:18:21,735 [BasicRepositoryConnector-repo.maven.apache.org-0-1] INFO  o.e.m.c.i.e.AbstractTransferListenerAdapter - Downloaded https://repo.maven.apache.org/maven2/org/springframework/spring-jdbc/6.2.6/spring-jdbc-6.2.6.jar
2025-04-28 18:18:21,785 [BasicRepositoryConnector-repo.maven.apache.org-0-1] INFO  o.e.m.c.i.e.AbstractTransferListenerAdapter - Downloading https://repo.maven.apache.org/maven2/org/springframework/spring-context/6.2.6/spring-context-6.2.6.jar
2025-04-28 18:18:21,846 [BasicRepositoryConnector-repo.maven.apache.org-0-2] INFO  o.e.m.c.i.e.AbstractTransferListenerAdapter - Downloaded https://repo.maven.apache.org/maven2/org/springframework/spring-orm/6.2.6/spring-orm-6.2.6.jar
2025-04-28 18:18:21,900 [BasicRepositoryConnector-repo.maven.apache.org-0-2] INFO  o.e.m.c.i.e.AbstractTransferListenerAdapter - Downloading https://repo.maven.apache.org/maven2/org/springframework/spring-tx/6.2.6/spring-tx-6.2.6.jar
2025-04-28 18:18:22,232 [BasicRepositoryConnector-repo.maven.apache.org-0-2] INFO  o.e.m.c.i.e.AbstractTransferListenerAdapter - Downloaded https://repo.maven.apache.org/maven2/org/springframework/spring-tx/6.2.6/spring-tx-6.2.6.jar
2025-04-28 18:18:22,257 [BasicRepositoryConnector-repo.maven.apache.org-0-2] INFO  o.e.m.c.i.e.AbstractTransferListenerAdapter - Downloading https://repo.maven.apache.org/maven2/org/springframework/spring-beans/6.2.6/spring-beans-6.2.6.jar
2025-04-28 18:18:22,563 [BasicRepositoryConnector-repo.maven.apache.org-0-1] INFO  o.e.m.c.i.e.AbstractTransferListenerAdapter - Downloaded https://repo.maven.apache.org/maven2/org/springframework/spring-context/6.2.6/spring-context-6.2.6.jar
2025-04-28 18:18:22,584 [BasicRepositoryConnector-repo.maven.apache.org-0-1] INFO  o.e.m.c.i.e.AbstractTransferListenerAdapter - Downloading https://repo.maven.apache.org/maven2/org/slf4j/slf4j-api/2.0.17/slf4j-api-2.0.17.jar
2025-04-28 18:18:23,161 [BasicRepositoryConnector-repo.maven.apache.org-0-1] INFO  o.e.m.c.i.e.AbstractTransferListenerAdapter - Downloaded https://repo.maven.apache.org/maven2/org/slf4j/slf4j-api/2.0.17/slf4j-api-2.0.17.jar
2025-04-28 18:18:23,200 [BasicRepositoryConnector-repo.maven.apache.org-0-1] INFO  o.e.m.c.i.e.AbstractTransferListenerAdapter - Downloading https://repo.maven.apache.org/maven2/org/springframework/spring-aspects/6.2.6/spring-aspects-6.2.6.jar
2025-04-28 18:18:23,450 [BasicRepositoryConnector-repo.maven.apache.org-0-4] INFO  o.e.m.c.i.e.AbstractTransferListenerAdapter - Downloaded https://repo.maven.apache.org/maven2/org/springframework/data/spring-data-jpa/3.4.5/spring-data-jpa-3.4.5.jar
2025-04-28 18:18:23,469 [BasicRepositoryConnector-repo.maven.apache.org-0-4] INFO  o.e.m.c.i.e.AbstractTransferListenerAdapter - Downloading https://repo.maven.apache.org/maven2/org/aspectj/aspectjweaver/1.9.24/aspectjweaver-1.9.24.jar
2025-04-28 18:18:23,586 [BasicRepositoryConnector-repo.maven.apache.org-0-2] INFO  o.e.m.c.i.e.AbstractTransferListenerAdapter - Downloaded https://repo.maven.apache.org/maven2/org/springframework/spring-beans/6.2.6/spring-beans-6.2.6.jar
2025-04-28 18:18:23,611 [BasicRepositoryConnector-repo.maven.apache.org-0-2] INFO  o.e.m.c.i.e.AbstractTransferListenerAdapter - Downloading https://repo.maven.apache.org/maven2/org/springframework/boot/spring-boot-starter-security/3.4.5/spring-boot-starter-security-3.4.5.jar
2025-04-28 18:18:23,690 [BasicRepositoryConnector-repo.maven.apache.org-0-2] INFO  o.e.m.c.i.e.AbstractTransferListenerAdapter - Downloaded https://repo.maven.apache.org/maven2/org/springframework/boot/spring-boot-starter-security/3.4.5/spring-boot-starter-security-3.4.5.jar
2025-04-28 18:18:23,704 [BasicRepositoryConnector-repo.maven.apache.org-0-2] INFO  o.e.m.c.i.e.AbstractTransferListenerAdapter - Downloading https://repo.maven.apache.org/maven2/org/springframework/spring-aop/6.2.6/spring-aop-6.2.6.jar
2025-04-28 18:18:24,133 [BasicRepositoryConnector-repo.maven.apache.org-0-1] INFO  o.e.m.c.i.e.AbstractTransferListenerAdapter - Downloaded https://repo.maven.apache.org/maven2/org/springframework/spring-aspects/6.2.6/spring-aspects-6.2.6.jar
2025-04-28 18:18:24,145 [BasicRepositoryConnector-repo.maven.apache.org-0-1] INFO  o.e.m.c.i.e.AbstractTransferListenerAdapter - Downloading https://repo.maven.apache.org/maven2/org/springframework/security/spring-security-config/6.4.5/spring-security-config-6.4.5.jar
2025-04-28 18:18:24,519 [BasicRepositoryConnector-repo.maven.apache.org-0-2] INFO  o.e.m.c.i.e.AbstractTransferListenerAdapter - Downloaded https://repo.maven.apache.org/maven2/org/springframework/spring-aop/6.2.6/spring-aop-6.2.6.jar
2025-04-28 18:18:24,561 [BasicRepositoryConnector-repo.maven.apache.org-0-2] INFO  o.e.m.c.i.e.AbstractTransferListenerAdapter - Downloading https://repo.maven.apache.org/maven2/org/springframework/security/spring-security-web/6.4.5/spring-security-web-6.4.5.jar
2025-04-28 18:18:25,564 [BasicRepositoryConnector-repo.maven.apache.org-0-4] INFO  o.e.m.c.i.e.AbstractTransferListenerAdapter - Downloaded https://repo.maven.apache.org/maven2/org/aspectj/aspectjweaver/1.9.24/aspectjweaver-1.9.24.jar
2025-04-28 18:18:25,582 [BasicRepositoryConnector-repo.maven.apache.org-0-4] INFO  o.e.m.c.i.e.AbstractTransferListenerAdapter - Downloading https://repo.maven.apache.org/maven2/org/springframework/spring-expression/6.2.6/spring-expression-6.2.6.jar
2025-04-28 18:18:25,634 [BasicRepositoryConnector-repo.maven.apache.org-0-3] INFO  o.e.m.c.i.e.AbstractTransferListenerAdapter - Downloaded https://repo.maven.apache.org/maven2/org/springframework/data/spring-data-commons/3.4.5/spring-data-commons-3.4.5.jar
2025-04-28 18:18:25,698 [BasicRepositoryConnector-repo.maven.apache.org-0-3] INFO  o.e.m.c.i.e.AbstractTransferListenerAdapter - Downloading https://repo.maven.apache.org/maven2/org/springframework/boot/spring-boot-starter-web/3.4.5/spring-boot-starter-web-3.4.5.jar
2025-04-28 18:18:25,770 [BasicRepositoryConnector-repo.maven.apache.org-0-3] INFO  o.e.m.c.i.e.AbstractTransferListenerAdapter - Downloaded https://repo.maven.apache.org/maven2/org/springframework/boot/spring-boot-starter-web/3.4.5/spring-boot-starter-web-3.4.5.jar
2025-04-28 18:18:25,782 [BasicRepositoryConnector-repo.maven.apache.org-0-3] INFO  o.e.m.c.i.e.AbstractTransferListenerAdapter - Downloading https://repo.maven.apache.org/maven2/org/springframework/boot/spring-boot-starter-json/3.4.5/spring-boot-starter-json-3.4.5.jar
2025-04-28 18:18:25,853 [BasicRepositoryConnector-repo.maven.apache.org-0-3] INFO  o.e.m.c.i.e.AbstractTransferListenerAdapter - Downloaded https://repo.maven.apache.org/maven2/org/springframework/boot/spring-boot-starter-json/3.4.5/spring-boot-starter-json-3.4.5.jar
2025-04-28 18:18:25,862 [BasicRepositoryConnector-repo.maven.apache.org-0-3] INFO  o.e.m.c.i.e.AbstractTransferListenerAdapter - Downloading https://repo.maven.apache.org/maven2/com/fasterxml/jackson/core/jackson-databind/2.18.3/jackson-databind-2.18.3.jar
2025-04-28 18:18:25,867 [BasicRepositoryConnector-repo.maven.apache.org-0-4] INFO  o.e.m.c.i.e.AbstractTransferListenerAdapter - Downloaded https://repo.maven.apache.org/maven2/org/springframework/spring-expression/6.2.6/spring-expression-6.2.6.jar
2025-04-28 18:18:25,876 [BasicRepositoryConnector-repo.maven.apache.org-0-4] INFO  o.e.m.c.i.e.AbstractTransferListenerAdapter - Downloading https://repo.maven.apache.org/maven2/com/fasterxml/jackson/core/jackson-annotations/2.18.3/jackson-annotations-2.18.3.jar
2025-04-28 18:18:26,143 [BasicRepositoryConnector-repo.maven.apache.org-0-4] INFO  o.e.m.c.i.e.AbstractTransferListenerAdapter - Downloaded https://repo.maven.apache.org/maven2/com/fasterxml/jackson/core/jackson-annotations/2.18.3/jackson-annotations-2.18.3.jar
2025-04-28 18:18:26,190 [BasicRepositoryConnector-repo.maven.apache.org-0-4] INFO  o.e.m.c.i.e.AbstractTransferListenerAdapter - Downloading https://repo.maven.apache.org/maven2/com/fasterxml/jackson/core/jackson-core/2.18.3/jackson-core-2.18.3.jar
2025-04-28 18:18:26,511 [BasicRepositoryConnector-repo.maven.apache.org-0-2] INFO  o.e.m.c.i.e.AbstractTransferListenerAdapter - Downloaded https://repo.maven.apache.org/maven2/org/springframework/security/spring-security-web/6.4.5/spring-security-web-6.4.5.jar
2025-04-28 18:18:26,534 [BasicRepositoryConnector-repo.maven.apache.org-0-2] INFO  o.e.m.c.i.e.AbstractTransferListenerAdapter - Downloading https://repo.maven.apache.org/maven2/com/fasterxml/jackson/datatype/jackson-datatype-jdk8/2.18.3/jackson-datatype-jdk8-2.18.3.jar
2025-04-28 18:18:26,838 [BasicRepositoryConnector-repo.maven.apache.org-0-3] INFO  o.e.m.c.i.e.AbstractTransferListenerAdapter - Downloaded https://repo.maven.apache.org/maven2/com/fasterxml/jackson/core/jackson-databind/2.18.3/jackson-databind-2.18.3.jar
2025-04-28 18:18:26,866 [BasicRepositoryConnector-repo.maven.apache.org-0-3] INFO  o.e.m.c.i.e.AbstractTransferListenerAdapter - Downloading https://repo.maven.apache.org/maven2/com/fasterxml/jackson/datatype/jackson-datatype-jsr310/2.18.3/jackson-datatype-jsr310-2.18.3.jar
2025-04-28 18:18:26,930 [BasicRepositoryConnector-repo.maven.apache.org-0-3] INFO  o.e.m.c.i.e.AbstractTransferListenerAdapter - Downloaded https://repo.maven.apache.org/maven2/com/fasterxml/jackson/datatype/jackson-datatype-jsr310/2.18.3/jackson-datatype-jsr310-2.18.3.jar
2025-04-28 18:18:26,952 [BasicRepositoryConnector-repo.maven.apache.org-0-3] INFO  o.e.m.c.i.e.AbstractTransferListenerAdapter - Downloading https://repo.maven.apache.org/maven2/com/fasterxml/jackson/module/jackson-module-parameter-names/2.18.3/jackson-module-parameter-names-2.18.3.jar
2025-04-28 18:18:27,253 [BasicRepositoryConnector-repo.maven.apache.org-0-2] INFO  o.e.m.c.i.e.AbstractTransferListenerAdapter - Downloaded https://repo.maven.apache.org/maven2/com/fasterxml/jackson/datatype/jackson-datatype-jdk8/2.18.3/jackson-datatype-jdk8-2.18.3.jar
2025-04-28 18:18:27,253 [BasicRepositoryConnector-repo.maven.apache.org-0-3] INFO  o.e.m.c.i.e.AbstractTransferListenerAdapter - Downloaded https://repo.maven.apache.org/maven2/com/fasterxml/jackson/module/jackson-module-parameter-names/2.18.3/jackson-module-parameter-names-2.18.3.jar
2025-04-28 18:18:27,300 [BasicRepositoryConnector-repo.maven.apache.org-0-3] INFO  o.e.m.c.i.e.AbstractTransferListenerAdapter - Downloading https://repo.maven.apache.org/maven2/org/apache/tomcat/embed/tomcat-embed-core/10.1.40/tomcat-embed-core-10.1.40.jar
2025-04-28 18:18:27,300 [BasicRepositoryConnector-repo.maven.apache.org-0-2] INFO  o.e.m.c.i.e.AbstractTransferListenerAdapter - Downloading https://repo.maven.apache.org/maven2/org/springframework/boot/spring-boot-starter-tomcat/3.4.5/spring-boot-starter-tomcat-3.4.5.jar
2025-04-28 18:18:27,349 [BasicRepositoryConnector-repo.maven.apache.org-0-2] INFO  o.e.m.c.i.e.AbstractTransferListenerAdapter - Downloaded https://repo.maven.apache.org/maven2/org/springframework/boot/spring-boot-starter-tomcat/3.4.5/spring-boot-starter-tomcat-3.4.5.jar
2025-04-28 18:18:27,387 [BasicRepositoryConnector-repo.maven.apache.org-0-2] INFO  o.e.m.c.i.e.AbstractTransferListenerAdapter - Downloading https://repo.maven.apache.org/maven2/org/apache/tomcat/embed/tomcat-embed-el/10.1.40/tomcat-embed-el-10.1.40.jar
2025-04-28 18:18:27,531 [BasicRepositoryConnector-repo.maven.apache.org-0-2] INFO  o.e.m.c.i.e.AbstractTransferListenerAdapter - Downloaded https://repo.maven.apache.org/maven2/org/apache/tomcat/embed/tomcat-embed-el/10.1.40/tomcat-embed-el-10.1.40.jar
2025-04-28 18:18:27,554 [BasicRepositoryConnector-repo.maven.apache.org-0-2] INFO  o.e.m.c.i.e.AbstractTransferListenerAdapter - Downloading https://repo.maven.apache.org/maven2/org/apache/tomcat/embed/tomcat-embed-websocket/10.1.40/tomcat-embed-websocket-10.1.40.jar
2025-04-28 18:18:27,614 [BasicRepositoryConnector-repo.maven.apache.org-0-4] INFO  o.e.m.c.i.e.AbstractTransferListenerAdapter - Downloaded https://repo.maven.apache.org/maven2/com/fasterxml/jackson/core/jackson-core/2.18.3/jackson-core-2.18.3.jar
2025-04-28 18:18:27,641 [BasicRepositoryConnector-repo.maven.apache.org-0-4] INFO  o.e.m.c.i.e.AbstractTransferListenerAdapter - Downloading https://repo.maven.apache.org/maven2/org/springframework/spring-web/6.2.6/spring-web-6.2.6.jar
2025-04-28 18:18:27,868 [BasicRepositoryConnector-repo.maven.apache.org-0-2] INFO  o.e.m.c.i.e.AbstractTransferListenerAdapter - Downloaded https://repo.maven.apache.org/maven2/org/apache/tomcat/embed/tomcat-embed-websocket/10.1.40/tomcat-embed-websocket-10.1.40.jar
2025-04-28 18:18:27,892 [BasicRepositoryConnector-repo.maven.apache.org-0-2] INFO  o.e.m.c.i.e.AbstractTransferListenerAdapter - Downloading https://repo.maven.apache.org/maven2/io/micrometer/micrometer-observation/1.14.6/micrometer-observation-1.14.6.jar
2025-04-28 18:18:27,944 [BasicRepositoryConnector-repo.maven.apache.org-0-2] INFO  o.e.m.c.i.e.AbstractTransferListenerAdapter - Downloaded https://repo.maven.apache.org/maven2/io/micrometer/micrometer-observation/1.14.6/micrometer-observation-1.14.6.jar
2025-04-28 18:18:27,980 [BasicRepositoryConnector-repo.maven.apache.org-0-2] INFO  o.e.m.c.i.e.AbstractTransferListenerAdapter - Downloading https://repo.maven.apache.org/maven2/io/micrometer/micrometer-commons/1.14.6/micrometer-commons-1.14.6.jar
2025-04-28 18:18:28,379 [BasicRepositoryConnector-repo.maven.apache.org-0-1] INFO  o.e.m.c.i.e.AbstractTransferListenerAdapter - Downloaded https://repo.maven.apache.org/maven2/org/springframework/security/spring-security-config/6.4.5/spring-security-config-6.4.5.jar
2025-04-28 18:18:28,410 [BasicRepositoryConnector-repo.maven.apache.org-0-1] INFO  o.e.m.c.i.e.AbstractTransferListenerAdapter - Downloading https://repo.maven.apache.org/maven2/org/springframework/spring-webmvc/6.2.6/spring-webmvc-6.2.6.jar
2025-04-28 18:18:28,763 [BasicRepositoryConnector-repo.maven.apache.org-0-2] INFO  o.e.m.c.i.e.AbstractTransferListenerAdapter - Downloaded https://repo.maven.apache.org/maven2/io/micrometer/micrometer-commons/1.14.6/micrometer-commons-1.14.6.jar
2025-04-28 18:18:28,773 [BasicRepositoryConnector-repo.maven.apache.org-0-2] INFO  o.e.m.c.i.e.AbstractTransferListenerAdapter - Downloading https://repo.maven.apache.org/maven2/org/springframework/boot/spring-boot-devtools/3.4.5/spring-boot-devtools-3.4.5.jar
2025-04-28 18:18:28,906 [BasicRepositoryConnector-repo.maven.apache.org-0-2] INFO  o.e.m.c.i.e.AbstractTransferListenerAdapter - Downloaded https://repo.maven.apache.org/maven2/org/springframework/boot/spring-boot-devtools/3.4.5/spring-boot-devtools-3.4.5.jar
2025-04-28 18:18:28,929 [BasicRepositoryConnector-repo.maven.apache.org-0-2] INFO  o.e.m.c.i.e.AbstractTransferListenerAdapter - Downloading https://repo.maven.apache.org/maven2/org/springframework/boot/spring-boot/3.4.5/spring-boot-3.4.5.jar
2025-04-28 18:18:29,661 [BasicRepositoryConnector-repo.maven.apache.org-0-2] INFO  o.e.m.c.i.e.AbstractTransferListenerAdapter - Downloaded https://repo.maven.apache.org/maven2/org/springframework/boot/spring-boot/3.4.5/spring-boot-3.4.5.jar
2025-04-28 18:18:29,694 [BasicRepositoryConnector-repo.maven.apache.org-0-2] INFO  o.e.m.c.i.e.AbstractTransferListenerAdapter - Downloading https://repo.maven.apache.org/maven2/org/springframework/boot/spring-boot-autoconfigure/3.4.5/spring-boot-autoconfigure-3.4.5.jar
2025-04-28 18:18:30,833 [BasicRepositoryConnector-repo.maven.apache.org-0-1] INFO  o.e.m.c.i.e.AbstractTransferListenerAdapter - Downloaded https://repo.maven.apache.org/maven2/org/springframework/spring-webmvc/6.2.6/spring-webmvc-6.2.6.jar
2025-04-28 18:18:30,842 [BasicRepositoryConnector-repo.maven.apache.org-0-1] INFO  o.e.m.c.i.e.AbstractTransferListenerAdapter - Downloading https://repo.maven.apache.org/maven2/org/projectlombok/lombok/1.18.38/lombok-1.18.38.jar
2025-04-28 18:18:30,931 [BasicRepositoryConnector-repo.maven.apache.org-0-2] INFO  o.e.m.c.i.e.AbstractTransferListenerAdapter - Downloaded https://repo.maven.apache.org/maven2/org/springframework/boot/spring-boot-autoconfigure/3.4.5/spring-boot-autoconfigure-3.4.5.jar
2025-04-28 18:18:30,974 [BasicRepositoryConnector-repo.maven.apache.org-0-2] INFO  o.e.m.c.i.e.AbstractTransferListenerAdapter - Downloading https://repo.maven.apache.org/maven2/org/springframework/boot/spring-boot-starter-test/3.4.5/spring-boot-starter-test-3.4.5.jar
2025-04-28 18:18:31,025 [BasicRepositoryConnector-repo.maven.apache.org-0-2] INFO  o.e.m.c.i.e.AbstractTransferListenerAdapter - Downloaded https://repo.maven.apache.org/maven2/org/springframework/boot/spring-boot-starter-test/3.4.5/spring-boot-starter-test-3.4.5.jar
2025-04-28 18:18:31,073 [BasicRepositoryConnector-repo.maven.apache.org-0-2] INFO  o.e.m.c.i.e.AbstractTransferListenerAdapter - Downloading https://repo.maven.apache.org/maven2/org/springframework/boot/spring-boot-test/3.4.5/spring-boot-test-3.4.5.jar
2025-04-28 18:18:31,293 [BasicRepositoryConnector-repo.maven.apache.org-0-2] INFO  o.e.m.c.i.e.AbstractTransferListenerAdapter - Downloaded https://repo.maven.apache.org/maven2/org/springframework/boot/spring-boot-test/3.4.5/spring-boot-test-3.4.5.jar
2025-04-28 18:18:31,326 [BasicRepositoryConnector-repo.maven.apache.org-0-2] INFO  o.e.m.c.i.e.AbstractTransferListenerAdapter - Downloading https://repo.maven.apache.org/maven2/org/springframework/boot/spring-boot-test-autoconfigure/3.4.5/spring-boot-test-autoconfigure-3.4.5.jar
2025-04-28 18:18:31,472 [BasicRepositoryConnector-repo.maven.apache.org-0-2] INFO  o.e.m.c.i.e.AbstractTransferListenerAdapter - Downloaded https://repo.maven.apache.org/maven2/org/springframework/boot/spring-boot-test-autoconfigure/3.4.5/spring-boot-test-autoconfigure-3.4.5.jar
2025-04-28 18:18:31,497 [BasicRepositoryConnector-repo.maven.apache.org-0-2] INFO  o.e.m.c.i.e.AbstractTransferListenerAdapter - Downloading https://repo.maven.apache.org/maven2/net/minidev/json-smart/2.5.2/json-smart-2.5.2.jar
2025-04-28 18:18:31,571 [BasicRepositoryConnector-repo.maven.apache.org-0-2] INFO  o.e.m.c.i.e.AbstractTransferListenerAdapter - Downloaded https://repo.maven.apache.org/maven2/net/minidev/json-smart/2.5.2/json-smart-2.5.2.jar
2025-04-28 18:18:31,583 [BasicRepositoryConnector-repo.maven.apache.org-0-2] INFO  o.e.m.c.i.e.AbstractTransferListenerAdapter - Downloading https://repo.maven.apache.org/maven2/net/minidev/accessors-smart/2.5.2/accessors-smart-2.5.2.jar
2025-04-28 18:18:32,040 [BasicRepositoryConnector-repo.maven.apache.org-0-2] INFO  o.e.m.c.i.e.AbstractTransferListenerAdapter - Downloaded https://repo.maven.apache.org/maven2/net/minidev/accessors-smart/2.5.2/accessors-smart-2.5.2.jar
2025-04-28 18:18:32,094 [BasicRepositoryConnector-repo.maven.apache.org-0-2] INFO  o.e.m.c.i.e.AbstractTransferListenerAdapter - Downloading https://repo.maven.apache.org/maven2/org/ow2/asm/asm/9.7.1/asm-9.7.1.jar
2025-04-28 18:18:32,220 [BasicRepositoryConnector-repo.maven.apache.org-0-2] INFO  o.e.m.c.i.e.AbstractTransferListenerAdapter - Downloaded https://repo.maven.apache.org/maven2/org/ow2/asm/asm/9.7.1/asm-9.7.1.jar
2025-04-28 18:18:32,264 [BasicRepositoryConnector-repo.maven.apache.org-0-4] INFO  o.e.m.c.i.e.AbstractTransferListenerAdapter - Downloaded https://repo.maven.apache.org/maven2/org/springframework/spring-web/6.2.6/spring-web-6.2.6.jar
2025-04-28 18:18:32,271 [BasicRepositoryConnector-repo.maven.apache.org-0-2] INFO  o.e.m.c.i.e.AbstractTransferListenerAdapter - Downloading https://repo.maven.apache.org/maven2/org/springframework/spring-core/6.2.6/spring-core-6.2.6.jar
2025-04-28 18:18:32,276 [BasicRepositoryConnector-repo.maven.apache.org-0-4] INFO  o.e.m.c.i.e.AbstractTransferListenerAdapter - Downloading https://repo.maven.apache.org/maven2/org/springframework/spring-jcl/6.2.6/spring-jcl-6.2.6.jar
2025-04-28 18:18:32,582 [BasicRepositoryConnector-repo.maven.apache.org-0-3] INFO  o.e.m.c.i.e.AbstractTransferListenerAdapter - Downloaded https://repo.maven.apache.org/maven2/org/apache/tomcat/embed/tomcat-embed-core/10.1.40/tomcat-embed-core-10.1.40.jar
2025-04-28 18:18:32,621 [BasicRepositoryConnector-repo.maven.apache.org-0-3] INFO  o.e.m.c.i.e.AbstractTransferListenerAdapter - Downloading https://repo.maven.apache.org/maven2/org/springframework/spring-test/6.2.6/spring-test-6.2.6.jar
2025-04-28 18:18:32,664 [BasicRepositoryConnector-repo.maven.apache.org-0-4] INFO  o.e.m.c.i.e.AbstractTransferListenerAdapter - Downloaded https://repo.maven.apache.org/maven2/org/springframework/spring-jcl/6.2.6/spring-jcl-6.2.6.jar
2025-04-28 18:18:32,697 [BasicRepositoryConnector-repo.maven.apache.org-0-4] INFO  o.e.m.c.i.e.AbstractTransferListenerAdapter - Downloading https://repo.maven.apache.org/maven2/org/springframework/security/spring-security-test/6.4.5/spring-security-test-6.4.5.jar
2025-04-28 18:18:32,948 [BasicRepositoryConnector-repo.maven.apache.org-0-4] INFO  o.e.m.c.i.e.AbstractTransferListenerAdapter - Downloaded https://repo.maven.apache.org/maven2/org/springframework/security/spring-security-test/6.4.5/spring-security-test-6.4.5.jar
2025-04-28 18:18:32,966 [BasicRepositoryConnector-repo.maven.apache.org-0-4] INFO  o.e.m.c.i.e.AbstractTransferListenerAdapter - Downloading https://repo.maven.apache.org/maven2/org/springframework/security/spring-security-core/6.4.5/spring-security-core-6.4.5.jar
2025-04-28 18:18:33,368 [BasicRepositoryConnector-repo.maven.apache.org-0-2] INFO  o.e.m.c.i.e.AbstractTransferListenerAdapter - Downloaded https://repo.maven.apache.org/maven2/org/springframework/spring-core/6.2.6/spring-core-6.2.6.jar
2025-04-28 18:18:33,394 [BasicRepositoryConnector-repo.maven.apache.org-0-2] INFO  o.e.m.c.i.e.AbstractTransferListenerAdapter - Downloading https://repo.maven.apache.org/maven2/org/springframework/security/spring-security-crypto/6.4.5/spring-security-crypto-6.4.5.jar
2025-04-28 18:18:33,473 [BasicRepositoryConnector-repo.maven.apache.org-0-2] INFO  o.e.m.c.i.e.AbstractTransferListenerAdapter - Downloaded https://repo.maven.apache.org/maven2/org/springframework/security/spring-security-crypto/6.4.5/spring-security-crypto-6.4.5.jar
2025-04-28 18:18:34,055 [BasicRepositoryConnector-repo.maven.apache.org-0-1] INFO  o.e.m.c.i.e.AbstractTransferListenerAdapter - Downloaded https://repo.maven.apache.org/maven2/org/projectlombok/lombok/1.18.38/lombok-1.18.38.jar
2025-04-28 18:18:34,154 [BasicRepositoryConnector-repo.maven.apache.org-0-3] INFO  o.e.m.c.i.e.AbstractTransferListenerAdapter - Downloaded https://repo.maven.apache.org/maven2/org/springframework/spring-test/6.2.6/spring-test-6.2.6.jar
2025-04-28 18:18:34,195 [BasicRepositoryConnector-repo.maven.apache.org-0-4] INFO  o.e.m.c.i.e.AbstractTransferListenerAdapter - Downloaded https://repo.maven.apache.org/maven2/org/springframework/security/spring-security-core/6.4.5/spring-security-core-6.4.5.jar
2025-04-28 18:18:34,756 [BasicRepositoryConnector-repo.maven.apache.org-0-0] INFO  o.e.m.c.i.e.AbstractTransferListenerAdapter - Downloaded https://repo.maven.apache.org/maven2/org/hibernate/orm/hibernate-core/6.6.13.Final/hibernate-core-6.6.13.Final.jar
2025-04-28 18:18:35,513 [Worker-10: Import Getting Started Content] INFO  o.e.m.c.i.e.AbstractTransferListenerAdapter - Downloading https://repo.maven.apache.org/maven2/org/apache/maven/plugins/maven-surefire-plugin/3.5.3/maven-surefire-plugin-3.5.3.pom
2025-04-28 18:18:35,621 [Worker-10: Import Getting Started Content] INFO  o.e.m.c.i.e.AbstractTransferListenerAdapter - Downloaded https://repo.maven.apache.org/maven2/org/apache/maven/plugins/maven-surefire-plugin/3.5.3/maven-surefire-plugin-3.5.3.pom
2025-04-28 18:18:35,639 [Worker-10: Import Getting Started Content] INFO  o.e.m.c.i.e.AbstractTransferListenerAdapter - Downloading https://repo.maven.apache.org/maven2/org/apache/maven/surefire/surefire/3.5.3/surefire-3.5.3.pom
2025-04-28 18:18:35,737 [Worker-10: Import Getting Started Content] INFO  o.e.m.c.i.e.AbstractTransferListenerAdapter - Downloaded https://repo.maven.apache.org/maven2/org/apache/maven/surefire/surefire/3.5.3/surefire-3.5.3.pom
2025-04-28 18:18:35,797 [Worker-10: Import Getting Started Content] INFO  o.e.m.c.i.e.AbstractTransferListenerAdapter - Downloading https://repo.maven.apache.org/maven2/org/apache/maven/maven-parent/44/maven-parent-44.pom
2025-04-28 18:18:35,868 [Worker-10: Import Getting Started Content] INFO  o.e.m.c.i.e.AbstractTransferListenerAdapter - Downloaded https://repo.maven.apache.org/maven2/org/apache/maven/maven-parent/44/maven-parent-44.pom
2025-04-28 18:18:35,943 [Worker-10: Import Getting Started Content] INFO  o.e.m.c.i.e.AbstractTransferListenerAdapter - Downloading https://repo.maven.apache.org/maven2/org/apache/apache/34/apache-34.pom
2025-04-28 18:18:36,001 [Worker-10: Import Getting Started Content] INFO  o.e.m.c.i.e.AbstractTransferListenerAdapter - Downloaded https://repo.maven.apache.org/maven2/org/apache/apache/34/apache-34.pom
2025-04-28 18:18:36,044 [Worker-10: Import Getting Started Content] INFO  o.e.m.c.i.e.AbstractTransferListenerAdapter - Downloading https://repo.maven.apache.org/maven2/org/junit/junit-bom/5.12.1/junit-bom-5.12.1.pom
2025-04-28 18:18:36,084 [Worker-10: Import Getting Started Content] INFO  o.e.m.c.i.e.AbstractTransferListenerAdapter - Downloaded https://repo.maven.apache.org/maven2/org/junit/junit-bom/5.12.1/junit-bom-5.12.1.pom
2025-04-28 18:18:39,861 [Worker-2: Download sources and javadoc] INFO  o.e.m.c.i.e.AbstractTransferListenerAdapter - Downloading https://repo.maven.apache.org/maven2/org/springframework/boot/spring-boot-starter-data-jpa/3.4.5/spring-boot-starter-data-jpa-3.4.5-sources.jar
2025-04-28 18:18:39,898 [Worker-2: Download sources and javadoc] INFO  o.e.m.c.i.e.AbstractTransferListenerAdapter - Downloaded https://repo.maven.apache.org/maven2/org/springframework/boot/spring-boot-starter-data-jpa/3.4.5/spring-boot-starter-data-jpa-3.4.5-sources.jar
2025-04-28 18:18:39,905 [Worker-2: Download sources and javadoc] INFO  o.e.m.j.internal.DownloadSourcesJob - Downloaded sources for org.springframework.boot:spring-boot-starter-data-jpa:3.4.5
2025-04-28 18:18:39,981 [Worker-2: Download sources and javadoc] INFO  o.e.m.c.i.e.AbstractTransferListenerAdapter - Downloading https://repo.maven.apache.org/maven2/org/springframework/boot/spring-boot-starter/3.4.5/spring-boot-starter-3.4.5-sources.jar
2025-04-28 18:18:40,174 [Worker-2: Download sources and javadoc] INFO  o.e.m.c.i.e.AbstractTransferListenerAdapter - Downloaded https://repo.maven.apache.org/maven2/org/springframework/boot/spring-boot-starter/3.4.5/spring-boot-starter-3.4.5-sources.jar
2025-04-28 18:18:40,188 [Worker-2: Download sources and javadoc] INFO  o.e.m.j.internal.DownloadSourcesJob - Downloaded sources for org.springframework.boot:spring-boot-starter:3.4.5
2025-04-28 18:18:40,288 [Worker-2: Download sources and javadoc] INFO  o.e.m.c.i.e.AbstractTransferListenerAdapter - Downloading https://repo.maven.apache.org/maven2/org/springframework/boot/spring-boot-starter-logging/3.4.5/spring-boot-starter-logging-3.4.5-sources.jar
2025-04-28 18:18:40,483 [Worker-2: Download sources and javadoc] INFO  o.e.m.c.i.e.AbstractTransferListenerAdapter - Downloaded https://repo.maven.apache.org/maven2/org/springframework/boot/spring-boot-starter-logging/3.4.5/spring-boot-starter-logging-3.4.5-sources.jar
2025-04-28 18:18:40,505 [Worker-2: Download sources and javadoc] INFO  o.e.m.j.internal.DownloadSourcesJob - Downloaded sources for org.springframework.boot:spring-boot-starter-logging:3.4.5
2025-04-28 18:18:40,571 [Worker-2: Download sources and javadoc] INFO  o.e.m.c.i.e.AbstractTransferListenerAdapter - Downloading https://repo.maven.apache.org/maven2/ch/qos/logback/logback-classic/1.5.18/logback-classic-1.5.18-sources.jar
2025-04-28 18:18:40,734 [Worker-2: Download sources and javadoc] INFO  o.e.m.c.i.e.AbstractTransferListenerAdapter - Downloaded https://repo.maven.apache.org/maven2/ch/qos/logback/logback-classic/1.5.18/logback-classic-1.5.18-sources.jar
2025-04-28 18:18:40,741 [Worker-2: Download sources and javadoc] INFO  o.e.m.j.internal.DownloadSourcesJob - Downloaded sources for ch.qos.logback:logback-classic:1.5.18
2025-04-28 18:18:40,849 [Worker-2: Download sources and javadoc] INFO  o.e.m.c.i.e.AbstractTransferListenerAdapter - Downloading https://repo.maven.apache.org/maven2/ch/qos/logback/logback-core/1.5.18/logback-core-1.5.18-sources.jar
2025-04-28 18:18:40,994 [Worker-10: Import Getting Started Content] INFO  o.e.m.j.i.AbstractJavaProjectConfigurator - Adding source folder /EnzigmaDemo/src/main/java
2025-04-28 18:18:41,000 [Worker-10: Import Getting Started Content] INFO  o.e.m.j.i.AbstractJavaProjectConfigurator - Adding resource folder /EnzigmaDemo/src/main/resources
2025-04-28 18:18:41,051 [Worker-10: Import Getting Started Content] INFO  o.e.m.j.i.AbstractJavaProjectConfigurator - Adding resource folder /EnzigmaDemo/src/main/resources
2025-04-28 18:18:41,055 [Worker-2: Download sources and javadoc] INFO  o.e.m.c.i.e.AbstractTransferListenerAdapter - Downloaded https://repo.maven.apache.org/maven2/ch/qos/logback/logback-core/1.5.18/logback-core-1.5.18-sources.jar
2025-04-28 18:18:41,077 [Worker-2: Download sources and javadoc] INFO  o.e.m.j.internal.DownloadSourcesJob - Downloaded sources for ch.qos.logback:logback-core:1.5.18
2025-04-28 18:18:41,113 [Worker-10: Import Getting Started Content] INFO  o.e.m.j.i.AbstractJavaProjectConfigurator - Adding source folder /EnzigmaDemo/src/test/java
2025-04-28 18:18:41,131 [Worker-10: Import Getting Started Content] INFO  o.e.m.j.i.AbstractJavaProjectConfigurator - Adding resource folder /EnzigmaDemo/src/test/resources
2025-04-28 18:18:41,212 [Worker-2: Download sources and javadoc] INFO  o.e.m.c.i.e.AbstractTransferListenerAdapter - Downloading https://repo.maven.apache.org/maven2/org/slf4j/jul-to-slf4j/2.0.17/jul-to-slf4j-2.0.17-sources.jar
2025-04-28 18:18:41,483 [Worker-2: Download sources and javadoc] INFO  o.e.m.c.i.e.AbstractTransferListenerAdapter - Downloaded https://repo.maven.apache.org/maven2/org/slf4j/jul-to-slf4j/2.0.17/jul-to-slf4j-2.0.17-sources.jar
2025-04-28 18:18:41,493 [Worker-2: Download sources and javadoc] INFO  o.e.m.j.internal.DownloadSourcesJob - Downloaded sources for org.slf4j:jul-to-slf4j:2.0.17
2025-04-28 18:18:41,584 [Worker-2: Download sources and javadoc] INFO  o.e.m.c.i.e.AbstractTransferListenerAdapter - Downloading https://repo.maven.apache.org/maven2/org/springframework/boot/spring-boot-starter-jdbc/3.4.5/spring-boot-starter-jdbc-3.4.5-sources.jar
2025-04-28 18:18:41,738 [Worker-2: Download sources and javadoc] INFO  o.e.m.c.i.e.AbstractTransferListenerAdapter - Downloaded https://repo.maven.apache.org/maven2/org/springframework/boot/spring-boot-starter-jdbc/3.4.5/spring-boot-starter-jdbc-3.4.5-sources.jar
2025-04-28 18:18:41,745 [Worker-2: Download sources and javadoc] INFO  o.e.m.j.internal.DownloadSourcesJob - Downloaded sources for org.springframework.boot:spring-boot-starter-jdbc:3.4.5
2025-04-28 18:18:41,837 [Worker-2: Download sources and javadoc] INFO  o.e.m.c.i.e.AbstractTransferListenerAdapter - Downloading https://repo.maven.apache.org/maven2/org/springframework/spring-jdbc/6.2.6/spring-jdbc-6.2.6-sources.jar
2025-04-28 18:18:42,041 [Worker-2: Download sources and javadoc] INFO  o.e.m.c.i.e.AbstractTransferListenerAdapter - Downloaded https://repo.maven.apache.org/maven2/org/springframework/spring-jdbc/6.2.6/spring-jdbc-6.2.6-sources.jar
2025-04-28 18:18:42,048 [Worker-2: Download sources and javadoc] INFO  o.e.m.j.internal.DownloadSourcesJob - Downloaded sources for org.springframework:spring-jdbc:6.2.6
2025-04-28 18:18:42,102 [Worker-2: Download sources and javadoc] INFO  o.e.m.c.i.e.AbstractTransferListenerAdapter - Downloading https://repo.maven.apache.org/maven2/org/hibernate/orm/hibernate-core/6.6.13.Final/hibernate-core-6.6.13.Final-sources.jar
2025-04-28 18:18:44,390 [Worker-2: Download sources and javadoc] INFO  o.e.m.c.i.e.AbstractTransferListenerAdapter - Downloaded https://repo.maven.apache.org/maven2/org/hibernate/orm/hibernate-core/6.6.13.Final/hibernate-core-6.6.13.Final-sources.jar
2025-04-28 18:18:44,422 [Worker-2: Download sources and javadoc] INFO  o.e.m.j.internal.DownloadSourcesJob - Downloaded sources for org.hibernate.orm:hibernate-core:6.6.13.Final
2025-04-28 18:18:44,520 [Worker-2: Download sources and javadoc] INFO  o.e.m.c.i.e.AbstractTransferListenerAdapter - Downloading https://repo.maven.apache.org/maven2/org/springframework/data/spring-data-jpa/3.4.5/spring-data-jpa-3.4.5-sources.jar
2025-04-28 18:18:44,733 [Worker-2: Download sources and javadoc] INFO  o.e.m.c.i.e.AbstractTransferListenerAdapter - Downloaded https://repo.maven.apache.org/maven2/org/springframework/data/spring-data-jpa/3.4.5/spring-data-jpa-3.4.5-sources.jar
2025-04-28 18:18:44,777 [Worker-2: Download sources and javadoc] INFO  o.e.m.j.internal.DownloadSourcesJob - Downloaded sources for org.springframework.data:spring-data-jpa:3.4.5
2025-04-28 18:18:44,887 [Worker-2: Download sources and javadoc] INFO  o.e.m.c.i.e.AbstractTransferListenerAdapter - Downloading https://repo.maven.apache.org/maven2/org/springframework/data/spring-data-commons/3.4.5/spring-data-commons-3.4.5-sources.jar
2025-04-28 18:18:45,314 [Worker-2: Download sources and javadoc] INFO  o.e.m.c.i.e.AbstractTransferListenerAdapter - Downloaded https://repo.maven.apache.org/maven2/org/springframework/data/spring-data-commons/3.4.5/spring-data-commons-3.4.5-sources.jar
2025-04-28 18:18:45,323 [Worker-2: Download sources and javadoc] INFO  o.e.m.j.internal.DownloadSourcesJob - Downloaded sources for org.springframework.data:spring-data-commons:3.4.5
2025-04-28 18:18:45,464 [Worker-2: Download sources and javadoc] INFO  o.e.m.c.i.e.AbstractTransferListenerAdapter - Downloading https://repo.maven.apache.org/maven2/org/springframework/spring-orm/6.2.6/spring-orm-6.2.6-sources.jar
2025-04-28 18:18:45,599 [Worker-2: Download sources and javadoc] INFO  o.e.m.c.i.e.AbstractTransferListenerAdapter - Downloaded https://repo.maven.apache.org/maven2/org/springframework/spring-orm/6.2.6/spring-orm-6.2.6-sources.jar
2025-04-28 18:18:45,610 [Worker-2: Download sources and javadoc] INFO  o.e.m.j.internal.DownloadSourcesJob - Downloaded sources for org.springframework:spring-orm:6.2.6
2025-04-28 18:18:45,684 [Worker-2: Download sources and javadoc] INFO  o.e.m.c.i.e.AbstractTransferListenerAdapter - Downloading https://repo.maven.apache.org/maven2/org/springframework/spring-context/6.2.6/spring-context-6.2.6-sources.jar
2025-04-28 18:18:46,126 [Worker-2: Download sources and javadoc] INFO  o.e.m.c.i.e.AbstractTransferListenerAdapter - Downloaded https://repo.maven.apache.org/maven2/org/springframework/spring-context/6.2.6/spring-context-6.2.6-sources.jar
2025-04-28 18:18:46,132 [Worker-2: Download sources and javadoc] INFO  o.e.m.j.internal.DownloadSourcesJob - Downloaded sources for org.springframework:spring-context:6.2.6
2025-04-28 18:18:46,198 [Worker-2: Download sources and javadoc] INFO  o.e.m.c.i.e.AbstractTransferListenerAdapter - Downloading https://repo.maven.apache.org/maven2/org/springframework/spring-tx/6.2.6/spring-tx-6.2.6-sources.jar
2025-04-28 18:18:46,347 [Worker-2: Download sources and javadoc] INFO  o.e.m.c.i.e.AbstractTransferListenerAdapter - Downloaded https://repo.maven.apache.org/maven2/org/springframework/spring-tx/6.2.6/spring-tx-6.2.6-sources.jar
2025-04-28 18:18:46,354 [Worker-2: Download sources and javadoc] INFO  o.e.m.j.internal.DownloadSourcesJob - Downloaded sources for org.springframework:spring-tx:6.2.6
2025-04-28 18:18:46,423 [Worker-2: Download sources and javadoc] INFO  o.e.m.c.i.e.AbstractTransferListenerAdapter - Downloading https://repo.maven.apache.org/maven2/org/springframework/spring-beans/6.2.6/spring-beans-6.2.6-sources.jar
2025-04-28 18:18:46,612 [Worker-2: Download sources and javadoc] INFO  o.e.m.c.i.e.AbstractTransferListenerAdapter - Downloaded https://repo.maven.apache.org/maven2/org/springframework/spring-beans/6.2.6/spring-beans-6.2.6-sources.jar
2025-04-28 18:18:46,617 [Worker-2: Download sources and javadoc] INFO  o.e.m.j.internal.DownloadSourcesJob - Downloaded sources for org.springframework:spring-beans:6.2.6
2025-04-28 18:18:46,687 [Worker-2: Download sources and javadoc] INFO  o.e.m.c.i.e.AbstractTransferListenerAdapter - Downloading https://repo.maven.apache.org/maven2/org/slf4j/slf4j-api/2.0.17/slf4j-api-2.0.17-sources.jar
2025-04-28 18:18:46,744 [Worker-2: Download sources and javadoc] INFO  o.e.m.c.i.e.AbstractTransferListenerAdapter - Downloaded https://repo.maven.apache.org/maven2/org/slf4j/slf4j-api/2.0.17/slf4j-api-2.0.17-sources.jar
2025-04-28 18:18:46,751 [Worker-2: Download sources and javadoc] INFO  o.e.m.j.internal.DownloadSourcesJob - Downloaded sources for org.slf4j:slf4j-api:2.0.17
2025-04-28 18:18:46,802 [Worker-2: Download sources and javadoc] INFO  o.e.m.c.i.e.AbstractTransferListenerAdapter - Downloading https://repo.maven.apache.org/maven2/org/springframework/spring-aspects/6.2.6/spring-aspects-6.2.6-sources.jar
2025-04-28 18:18:47,567 [Worker-2: Download sources and javadoc] INFO  o.e.m.c.i.e.AbstractTransferListenerAdapter - Downloaded https://repo.maven.apache.org/maven2/org/springframework/spring-aspects/6.2.6/spring-aspects-6.2.6-sources.jar
2025-04-28 18:18:47,571 [Worker-2: Download sources and javadoc] INFO  o.e.m.j.internal.DownloadSourcesJob - Downloaded sources for org.springframework:spring-aspects:6.2.6
2025-04-28 18:18:47,623 [Worker-2: Download sources and javadoc] INFO  o.e.m.c.i.e.AbstractTransferListenerAdapter - Downloading https://repo.maven.apache.org/maven2/org/aspectj/aspectjweaver/1.9.24/aspectjweaver-1.9.24-sources.jar
2025-04-28 18:18:48,146 [Worker-2: Download sources and javadoc] INFO  o.e.m.c.i.e.AbstractTransferListenerAdapter - Downloaded https://repo.maven.apache.org/maven2/org/aspectj/aspectjweaver/1.9.24/aspectjweaver-1.9.24-sources.jar
2025-04-28 18:18:48,153 [Worker-2: Download sources and javadoc] INFO  o.e.m.j.internal.DownloadSourcesJob - Downloaded sources for org.aspectj:aspectjweaver:1.9.24
2025-04-28 18:18:48,199 [Worker-2: Download sources and javadoc] INFO  o.e.m.c.i.e.AbstractTransferListenerAdapter - Downloading https://repo.maven.apache.org/maven2/org/springframework/boot/spring-boot-starter-security/3.4.5/spring-boot-starter-security-3.4.5-sources.jar
2025-04-28 18:18:48,269 [Worker-2: Download sources and javadoc] INFO  o.e.m.c.i.e.AbstractTransferListenerAdapter - Downloaded https://repo.maven.apache.org/maven2/org/springframework/boot/spring-boot-starter-security/3.4.5/spring-boot-starter-security-3.4.5-sources.jar
2025-04-28 18:18:48,277 [Worker-2: Download sources and javadoc] INFO  o.e.m.j.internal.DownloadSourcesJob - Downloaded sources for org.springframework.boot:spring-boot-starter-security:3.4.5
2025-04-28 18:18:48,310 [Worker-10: Import Getting Started Content] INFO  o.e.m.c.i.p.ProjectConfigurationManager - Imported and configured 1 project(s) in 45 sec
2025-04-28 18:18:48,317 [Worker-10: Import Getting Started Content] INFO  o.e.m.c.i.p.ProjectConfigurationManager - Update started
2025-04-28 18:18:48,351 [Worker-2: Download sources and javadoc] INFO  o.e.m.c.i.e.AbstractTransferListenerAdapter - Downloading https://repo.maven.apache.org/maven2/org/springframework/spring-aop/6.2.6/spring-aop-6.2.6-sources.jar
2025-04-28 18:18:48,512 [Worker-2: Download sources and javadoc] INFO  o.e.m.c.i.e.AbstractTransferListenerAdapter - Downloaded https://repo.maven.apache.org/maven2/org/springframework/spring-aop/6.2.6/spring-aop-6.2.6-sources.jar
2025-04-28 18:18:48,518 [Worker-2: Download sources and javadoc] INFO  o.e.m.j.internal.DownloadSourcesJob - Downloaded sources for org.springframework:spring-aop:6.2.6
2025-04-28 18:18:49,994 [Worker-10: Import Getting Started Content] INFO  o.e.m.c.i.l.LifecycleMappingFactory - Using org.eclipse.m2e.jdt.JarLifecycleMapping lifecycle mapping for MavenProject: com.enzigma:EnzigmaDemo:0.0.1-SNAPSHOT @ C:\Users\admin\Desktop\New folder (5)\Backend\EnzigmaDemo\pom.xml.
2025-04-28 18:18:50,008 [Worker-2: Download sources and javadoc] INFO  o.e.m.c.i.e.AbstractTransferListenerAdapter - Downloading https://repo.maven.apache.org/maven2/org/springframework/security/spring-security-config/6.4.5/spring-security-config-6.4.5-sources.jar
2025-04-28 18:18:50,422 [Worker-2: Download sources and javadoc] INFO  o.e.m.c.i.e.AbstractTransferListenerAdapter - Downloaded https://repo.maven.apache.org/maven2/org/springframework/security/spring-security-config/6.4.5/spring-security-config-6.4.5-sources.jar
2025-04-28 18:18:50,462 [Worker-2: Download sources and javadoc] INFO  o.e.m.j.internal.DownloadSourcesJob - Downloaded sources for org.springframework.security:spring-security-config:6.4.5
2025-04-28 18:18:50,544 [Worker-2: Download sources and javadoc] INFO  o.e.m.c.i.e.AbstractTransferListenerAdapter - Downloading https://repo.maven.apache.org/maven2/org/springframework/security/spring-security-web/6.4.5/spring-security-web-6.4.5-sources.jar
2025-04-28 18:18:50,939 [Worker-2: Download sources and javadoc] INFO  o.e.m.c.i.e.AbstractTransferListenerAdapter - Downloaded https://repo.maven.apache.org/maven2/org/springframework/security/spring-security-web/6.4.5/spring-security-web-6.4.5-sources.jar
2025-04-28 18:18:50,946 [Worker-2: Download sources and javadoc] INFO  o.e.m.j.internal.DownloadSourcesJob - Downloaded sources for org.springframework.security:spring-security-web:6.4.5
2025-04-28 18:18:50,989 [Worker-2: Download sources and javadoc] INFO  o.e.m.c.i.e.AbstractTransferListenerAdapter - Downloading https://repo.maven.apache.org/maven2/org/springframework/spring-expression/6.2.6/spring-expression-6.2.6-sources.jar
2025-04-28 18:18:51,100 [Worker-2: Download sources and javadoc] INFO  o.e.m.c.i.e.AbstractTransferListenerAdapter - Downloaded https://repo.maven.apache.org/maven2/org/springframework/spring-expression/6.2.6/spring-expression-6.2.6-sources.jar
2025-04-28 18:18:51,106 [Worker-2: Download sources and javadoc] INFO  o.e.m.j.internal.DownloadSourcesJob - Downloaded sources for org.springframework:spring-expression:6.2.6
2025-04-28 18:18:51,312 [Worker-10: Import Getting Started Content] INFO  o.e.m.j.i.AbstractJavaProjectConfigurator - Adding source folder /EnzigmaDemo/src/main/java
2025-04-28 18:18:51,314 [Worker-10: Import Getting Started Content] INFO  o.e.m.j.i.AbstractJavaProjectConfigurator - Adding resource folder /EnzigmaDemo/src/main/resources
2025-04-28 18:18:51,315 [Worker-10: Import Getting Started Content] INFO  o.e.m.j.i.AbstractJavaProjectConfigurator - Adding resource folder /EnzigmaDemo/src/main/resources
2025-04-28 18:18:51,316 [Worker-10: Import Getting Started Content] INFO  o.e.m.j.i.AbstractJavaProjectConfigurator - Adding source folder /EnzigmaDemo/src/test/java
2025-04-28 18:18:51,318 [Worker-10: Import Getting Started Content] INFO  o.e.m.j.i.AbstractJavaProjectConfigurator - Adding resource folder /EnzigmaDemo/src/test/resources
2025-04-28 18:18:51,466 [Worker-2: Download sources and javadoc] INFO  o.e.m.c.i.e.AbstractTransferListenerAdapter - Downloading https://repo.maven.apache.org/maven2/org/springframework/boot/spring-boot-starter-web/3.4.5/spring-boot-starter-web-3.4.5-sources.jar
2025-04-28 18:18:51,548 [Worker-2: Download sources and javadoc] INFO  o.e.m.c.i.e.AbstractTransferListenerAdapter - Downloaded https://repo.maven.apache.org/maven2/org/springframework/boot/spring-boot-starter-web/3.4.5/spring-boot-starter-web-3.4.5-sources.jar
2025-04-28 18:18:51,556 [Worker-2: Download sources and javadoc] INFO  o.e.m.j.internal.DownloadSourcesJob - Downloaded sources for org.springframework.boot:spring-boot-starter-web:3.4.5
2025-04-28 18:18:51,677 [Worker-2: Download sources and javadoc] INFO  o.e.m.c.i.e.AbstractTransferListenerAdapter - Downloading https://repo.maven.apache.org/maven2/org/springframework/boot/spring-boot-starter-json/3.4.5/spring-boot-starter-json-3.4.5-sources.jar
2025-04-28 18:18:51,760 [Worker-2: Download sources and javadoc] INFO  o.e.m.c.i.e.AbstractTransferListenerAdapter - Downloaded https://repo.maven.apache.org/maven2/org/springframework/boot/spring-boot-starter-json/3.4.5/spring-boot-starter-json-3.4.5-sources.jar
2025-04-28 18:18:51,765 [Worker-2: Download sources and javadoc] INFO  o.e.m.j.internal.DownloadSourcesJob - Downloaded sources for org.springframework.boot:spring-boot-starter-json:3.4.5
2025-04-28 18:18:51,837 [Worker-2: Download sources and javadoc] INFO  o.e.m.c.i.e.AbstractTransferListenerAdapter - Downloading https://repo.maven.apache.org/maven2/com/fasterxml/jackson/core/jackson-databind/2.18.3/jackson-databind-2.18.3-sources.jar
2025-04-28 18:18:52,128 [Worker-10: Import Getting Started Content] INFO  o.e.m.c.i.p.ProjectConfigurationManager - Update completed for 1 poms: local refresh takes 0.00 sec, refresh facades takes 2.00 sec, update config takes 0.00 sec 
2025-04-28 18:18:52,152 [Worker-2: Download sources and javadoc] INFO  o.e.m.c.i.e.AbstractTransferListenerAdapter - Downloaded https://repo.maven.apache.org/maven2/com/fasterxml/jackson/core/jackson-databind/2.18.3/jackson-databind-2.18.3-sources.jar
2025-04-28 18:18:52,158 [Worker-2: Download sources and javadoc] INFO  o.e.m.j.internal.DownloadSourcesJob - Downloaded sources for com.fasterxml.jackson.core:jackson-databind:2.18.3
2025-04-28 18:18:52,265 [Worker-2: Download sources and javadoc] INFO  o.e.m.c.i.e.AbstractTransferListenerAdapter - Downloading https://repo.maven.apache.org/maven2/com/fasterxml/jackson/core/jackson-annotations/2.18.3/jackson-annotations-2.18.3-sources.jar
2025-04-28 18:18:52,363 [Worker-2: Download sources and javadoc] INFO  o.e.m.c.i.e.AbstractTransferListenerAdapter - Downloaded https://repo.maven.apache.org/maven2/com/fasterxml/jackson/core/jackson-annotations/2.18.3/jackson-annotations-2.18.3-sources.jar
2025-04-28 18:18:52,370 [Worker-2: Download sources and javadoc] INFO  o.e.m.j.internal.DownloadSourcesJob - Downloaded sources for com.fasterxml.jackson.core:jackson-annotations:2.18.3
2025-04-28 18:18:52,434 [Worker-2: Download sources and javadoc] INFO  o.e.m.c.i.e.AbstractTransferListenerAdapter - Downloading https://repo.maven.apache.org/maven2/com/fasterxml/jackson/core/jackson-core/2.18.3/jackson-core-2.18.3-sources.jar
2025-04-28 18:18:52,626 [Worker-2: Download sources and javadoc] INFO  o.e.m.c.i.e.AbstractTransferListenerAdapter - Downloaded https://repo.maven.apache.org/maven2/com/fasterxml/jackson/core/jackson-core/2.18.3/jackson-core-2.18.3-sources.jar
2025-04-28 18:18:52,632 [Worker-2: Download sources and javadoc] INFO  o.e.m.j.internal.DownloadSourcesJob - Downloaded sources for com.fasterxml.jackson.core:jackson-core:2.18.3
2025-04-28 18:18:52,693 [Worker-2: Download sources and javadoc] INFO  o.e.m.c.i.e.AbstractTransferListenerAdapter - Downloading https://repo.maven.apache.org/maven2/com/fasterxml/jackson/datatype/jackson-datatype-jdk8/2.18.3/jackson-datatype-jdk8-2.18.3-sources.jar
2025-04-28 18:18:53,447 [Worker-0: Building] INFO  o.a.m.s.f.DefaultMavenResourcesFiltering - Copying 1 resource from src\main\resources to target\classes
2025-04-28 18:18:53,495 [Worker-0: Building] INFO  o.a.m.s.f.DefaultMavenResourcesFiltering - Copying 0 resource from src\main\resources to target\classes
2025-04-28 18:18:53,503 [Worker-0: Building] INFO  o.a.m.s.f.DefaultMavenResourcesFiltering - skip non existing resourceDirectory C:\Users\admin\Desktop\New folder (5)\Backend\EnzigmaDemo\src\test\resources
2025-04-28 18:18:53,609 [Worker-2: Download sources and javadoc] INFO  o.e.m.c.i.e.AbstractTransferListenerAdapter - Downloaded https://repo.maven.apache.org/maven2/com/fasterxml/jackson/datatype/jackson-datatype-jdk8/2.18.3/jackson-datatype-jdk8-2.18.3-sources.jar
2025-04-28 18:18:53,615 [Worker-2: Download sources and javadoc] INFO  o.e.m.j.internal.DownloadSourcesJob - Downloaded sources for com.fasterxml.jackson.datatype:jackson-datatype-jdk8:2.18.3
2025-04-28 18:18:53,691 [Worker-2: Download sources and javadoc] INFO  o.e.m.c.i.e.AbstractTransferListenerAdapter - Downloading https://repo.maven.apache.org/maven2/com/fasterxml/jackson/datatype/jackson-datatype-jsr310/2.18.3/jackson-datatype-jsr310-2.18.3-sources.jar
2025-04-28 18:18:53,749 [Worker-2: Download sources and javadoc] INFO  o.e.m.c.i.e.AbstractTransferListenerAdapter - Downloaded https://repo.maven.apache.org/maven2/com/fasterxml/jackson/datatype/jackson-datatype-jsr310/2.18.3/jackson-datatype-jsr310-2.18.3-sources.jar
2025-04-28 18:18:53,755 [Worker-2: Download sources and javadoc] INFO  o.e.m.j.internal.DownloadSourcesJob - Downloaded sources for com.fasterxml.jackson.datatype:jackson-datatype-jsr310:2.18.3
2025-04-28 18:18:53,808 [Worker-2: Download sources and javadoc] INFO  o.e.m.c.i.e.AbstractTransferListenerAdapter - Downloading https://repo.maven.apache.org/maven2/com/fasterxml/jackson/module/jackson-module-parameter-names/2.18.3/jackson-module-parameter-names-2.18.3-sources.jar
2025-04-28 18:18:53,968 [Worker-2: Download sources and javadoc] INFO  o.e.m.c.i.e.AbstractTransferListenerAdapter - Downloaded https://repo.maven.apache.org/maven2/com/fasterxml/jackson/module/jackson-module-parameter-names/2.18.3/jackson-module-parameter-names-2.18.3-sources.jar
2025-04-28 18:18:53,974 [Worker-2: Download sources and javadoc] INFO  o.e.m.j.internal.DownloadSourcesJob - Downloaded sources for com.fasterxml.jackson.module:jackson-module-parameter-names:2.18.3
2025-04-28 18:18:54,059 [Worker-2: Download sources and javadoc] INFO  o.e.m.c.i.e.AbstractTransferListenerAdapter - Downloading https://repo.maven.apache.org/maven2/org/springframework/boot/spring-boot-starter-tomcat/3.4.5/spring-boot-starter-tomcat-3.4.5-sources.jar
2025-04-28 18:18:54,138 [Worker-2: Download sources and javadoc] INFO  o.e.m.c.i.e.AbstractTransferListenerAdapter - Downloaded https://repo.maven.apache.org/maven2/org/springframework/boot/spring-boot-starter-tomcat/3.4.5/spring-boot-starter-tomcat-3.4.5-sources.jar
2025-04-28 18:18:54,145 [Worker-2: Download sources and javadoc] INFO  o.e.m.j.internal.DownloadSourcesJob - Downloaded sources for org.springframework.boot:spring-boot-starter-tomcat:3.4.5
2025-04-28 18:18:54,218 [Worker-2: Download sources and javadoc] INFO  o.e.m.c.i.e.AbstractTransferListenerAdapter - Downloading https://repo.maven.apache.org/maven2/org/apache/tomcat/embed/tomcat-embed-core/10.1.40/tomcat-embed-core-10.1.40-sources.jar
2025-04-28 18:18:55,531 [Worker-2: Download sources and javadoc] INFO  o.e.m.c.i.e.AbstractTransferListenerAdapter - Downloaded https://repo.maven.apache.org/maven2/org/apache/tomcat/embed/tomcat-embed-core/10.1.40/tomcat-embed-core-10.1.40-sources.jar
2025-04-28 18:18:55,535 [Worker-2: Download sources and javadoc] INFO  o.e.m.j.internal.DownloadSourcesJob - Downloaded sources for org.apache.tomcat.embed:tomcat-embed-core:10.1.40
2025-04-28 18:18:55,598 [Worker-2: Download sources and javadoc] INFO  o.e.m.c.i.e.AbstractTransferListenerAdapter - Downloading https://repo.maven.apache.org/maven2/org/apache/tomcat/embed/tomcat-embed-el/10.1.40/tomcat-embed-el-10.1.40-sources.jar
2025-04-28 18:18:55,980 [Worker-2: Download sources and javadoc] INFO  o.e.m.c.i.e.AbstractTransferListenerAdapter - Downloaded https://repo.maven.apache.org/maven2/org/apache/tomcat/embed/tomcat-embed-el/10.1.40/tomcat-embed-el-10.1.40-sources.jar
2025-04-28 18:18:55,984 [Worker-2: Download sources and javadoc] INFO  o.e.m.j.internal.DownloadSourcesJob - Downloaded sources for org.apache.tomcat.embed:tomcat-embed-el:10.1.40
2025-04-28 18:18:56,038 [Worker-2: Download sources and javadoc] INFO  o.e.m.c.i.e.AbstractTransferListenerAdapter - Downloading https://repo.maven.apache.org/maven2/org/apache/tomcat/embed/tomcat-embed-websocket/10.1.40/tomcat-embed-websocket-10.1.40-sources.jar
2025-04-28 18:18:56,159 [Worker-2: Download sources and javadoc] INFO  o.e.m.c.i.e.AbstractTransferListenerAdapter - Downloaded https://repo.maven.apache.org/maven2/org/apache/tomcat/embed/tomcat-embed-websocket/10.1.40/tomcat-embed-websocket-10.1.40-sources.jar
2025-04-28 18:18:56,164 [Worker-2: Download sources and javadoc] INFO  o.e.m.j.internal.DownloadSourcesJob - Downloaded sources for org.apache.tomcat.embed:tomcat-embed-websocket:10.1.40
2025-04-28 18:18:56,210 [Worker-2: Download sources and javadoc] INFO  o.e.m.c.i.e.AbstractTransferListenerAdapter - Downloading https://repo.maven.apache.org/maven2/org/springframework/spring-web/6.2.6/spring-web-6.2.6-sources.jar
2025-04-28 18:18:56,671 [Worker-2: Download sources and javadoc] INFO  o.e.m.c.i.e.AbstractTransferListenerAdapter - Downloaded https://repo.maven.apache.org/maven2/org/springframework/spring-web/6.2.6/spring-web-6.2.6-sources.jar
2025-04-28 18:18:56,677 [Worker-2: Download sources and javadoc] INFO  o.e.m.j.internal.DownloadSourcesJob - Downloaded sources for org.springframework:spring-web:6.2.6
2025-04-28 18:18:56,776 [Worker-2: Download sources and javadoc] INFO  o.e.m.c.i.e.AbstractTransferListenerAdapter - Downloading https://repo.maven.apache.org/maven2/io/micrometer/micrometer-observation/1.14.6/micrometer-observation-1.14.6-sources.jar
2025-04-28 18:18:56,819 [Worker-2: Download sources and javadoc] INFO  o.e.m.c.i.e.AbstractTransferListenerAdapter - Downloaded https://repo.maven.apache.org/maven2/io/micrometer/micrometer-observation/1.14.6/micrometer-observation-1.14.6-sources.jar
2025-04-28 18:18:56,823 [Worker-2: Download sources and javadoc] INFO  o.e.m.j.internal.DownloadSourcesJob - Downloaded sources for io.micrometer:micrometer-observation:1.14.6
2025-04-28 18:18:56,902 [Worker-2: Download sources and javadoc] INFO  o.e.m.c.i.e.AbstractTransferListenerAdapter - Downloading https://repo.maven.apache.org/maven2/io/micrometer/micrometer-commons/1.14.6/micrometer-commons-1.14.6-sources.jar
2025-04-28 18:18:57,619 [Worker-2: Download sources and javadoc] INFO  o.e.m.c.i.e.AbstractTransferListenerAdapter - Downloaded https://repo.maven.apache.org/maven2/io/micrometer/micrometer-commons/1.14.6/micrometer-commons-1.14.6-sources.jar
2025-04-28 18:18:57,623 [Worker-2: Download sources and javadoc] INFO  o.e.m.j.internal.DownloadSourcesJob - Downloaded sources for io.micrometer:micrometer-commons:1.14.6
2025-04-28 18:18:57,664 [Worker-2: Download sources and javadoc] INFO  o.e.m.c.i.e.AbstractTransferListenerAdapter - Downloading https://repo.maven.apache.org/maven2/org/springframework/spring-webmvc/6.2.6/spring-webmvc-6.2.6-sources.jar
2025-04-28 18:18:57,889 [Worker-2: Download sources and javadoc] INFO  o.e.m.c.i.e.AbstractTransferListenerAdapter - Downloaded https://repo.maven.apache.org/maven2/org/springframework/spring-webmvc/6.2.6/spring-webmvc-6.2.6-sources.jar
2025-04-28 18:18:57,893 [Worker-2: Download sources and javadoc] INFO  o.e.m.j.internal.DownloadSourcesJob - Downloaded sources for org.springframework:spring-webmvc:6.2.6
2025-04-28 18:18:57,933 [Worker-2: Download sources and javadoc] INFO  o.e.m.c.i.e.AbstractTransferListenerAdapter - Downloading https://repo.maven.apache.org/maven2/org/springframework/boot/spring-boot-devtools/3.4.5/spring-boot-devtools-3.4.5-sources.jar
2025-04-28 18:18:58,047 [Worker-2: Download sources and javadoc] INFO  o.e.m.c.i.e.AbstractTransferListenerAdapter - Downloaded https://repo.maven.apache.org/maven2/org/springframework/boot/spring-boot-devtools/3.4.5/spring-boot-devtools-3.4.5-sources.jar
2025-04-28 18:18:58,052 [Worker-2: Download sources and javadoc] INFO  o.e.m.j.internal.DownloadSourcesJob - Downloaded sources for org.springframework.boot:spring-boot-devtools:3.4.5
2025-04-28 18:18:58,096 [Worker-2: Download sources and javadoc] INFO  o.e.m.c.i.e.AbstractTransferListenerAdapter - Downloading https://repo.maven.apache.org/maven2/org/springframework/boot/spring-boot/3.4.5/spring-boot-3.4.5-sources.jar
2025-04-28 18:18:58,616 [Worker-2: Download sources and javadoc] INFO  o.e.m.c.i.e.AbstractTransferListenerAdapter - Downloaded https://repo.maven.apache.org/maven2/org/springframework/boot/spring-boot/3.4.5/spring-boot-3.4.5-sources.jar
2025-04-28 18:18:58,620 [Worker-2: Download sources and javadoc] INFO  o.e.m.j.internal.DownloadSourcesJob - Downloaded sources for org.springframework.boot:spring-boot:3.4.5
2025-04-28 18:18:58,688 [Worker-2: Download sources and javadoc] INFO  o.e.m.c.i.e.AbstractTransferListenerAdapter - Downloading https://repo.maven.apache.org/maven2/org/springframework/boot/spring-boot-autoconfigure/3.4.5/spring-boot-autoconfigure-3.4.5-sources.jar
2025-04-28 18:18:58,960 [Worker-2: Download sources and javadoc] INFO  o.e.m.c.i.e.AbstractTransferListenerAdapter - Downloaded https://repo.maven.apache.org/maven2/org/springframework/boot/spring-boot-autoconfigure/3.4.5/spring-boot-autoconfigure-3.4.5-sources.jar
2025-04-28 18:18:58,966 [Worker-2: Download sources and javadoc] INFO  o.e.m.j.internal.DownloadSourcesJob - Downloaded sources for org.springframework.boot:spring-boot-autoconfigure:3.4.5
2025-04-28 18:18:59,040 [Worker-2: Download sources and javadoc] INFO  o.e.m.c.i.e.AbstractTransferListenerAdapter - Downloading https://repo.maven.apache.org/maven2/org/projectlombok/lombok/1.18.38/lombok-1.18.38-sources.jar
2025-04-28 18:18:59,419 [Worker-2: Download sources and javadoc] INFO  o.e.m.c.i.e.AbstractTransferListenerAdapter - Downloaded https://repo.maven.apache.org/maven2/org/projectlombok/lombok/1.18.38/lombok-1.18.38-sources.jar
2025-04-28 18:18:59,423 [Worker-2: Download sources and javadoc] INFO  o.e.m.j.internal.DownloadSourcesJob - Downloaded sources for org.projectlombok:lombok:1.18.38
2025-04-28 18:18:59,471 [Worker-2: Download sources and javadoc] INFO  o.e.m.c.i.e.AbstractTransferListenerAdapter - Downloading https://repo.maven.apache.org/maven2/org/springframework/boot/spring-boot-starter-test/3.4.5/spring-boot-starter-test-3.4.5-sources.jar
2025-04-28 18:18:59,534 [Worker-2: Download sources and javadoc] INFO  o.e.m.c.i.e.AbstractTransferListenerAdapter - Downloaded https://repo.maven.apache.org/maven2/org/springframework/boot/spring-boot-starter-test/3.4.5/spring-boot-starter-test-3.4.5-sources.jar
2025-04-28 18:18:59,539 [Worker-2: Download sources and javadoc] INFO  o.e.m.j.internal.DownloadSourcesJob - Downloaded sources for org.springframework.boot:spring-boot-starter-test:3.4.5
2025-04-28 18:18:59,614 [Worker-2: Download sources and javadoc] INFO  o.e.m.c.i.e.AbstractTransferListenerAdapter - Downloading https://repo.maven.apache.org/maven2/org/springframework/boot/spring-boot-test/3.4.5/spring-boot-test-3.4.5-sources.jar
2025-04-28 18:18:59,685 [Worker-2: Download sources and javadoc] INFO  o.e.m.c.i.e.AbstractTransferListenerAdapter - Downloaded https://repo.maven.apache.org/maven2/org/springframework/boot/spring-boot-test/3.4.5/spring-boot-test-3.4.5-sources.jar
2025-04-28 18:18:59,690 [Worker-2: Download sources and javadoc] INFO  o.e.m.j.internal.DownloadSourcesJob - Downloaded sources for org.springframework.boot:spring-boot-test:3.4.5
2025-04-28 18:18:59,776 [Worker-2: Download sources and javadoc] INFO  o.e.m.c.i.e.AbstractTransferListenerAdapter - Downloading https://repo.maven.apache.org/maven2/org/springframework/boot/spring-boot-test-autoconfigure/3.4.5/spring-boot-test-autoconfigure-3.4.5-sources.jar
2025-04-28 18:18:59,865 [Worker-2: Download sources and javadoc] INFO  o.e.m.c.i.e.AbstractTransferListenerAdapter - Downloaded https://repo.maven.apache.org/maven2/org/springframework/boot/spring-boot-test-autoconfigure/3.4.5/spring-boot-test-autoconfigure-3.4.5-sources.jar
2025-04-28 18:18:59,869 [Worker-2: Download sources and javadoc] INFO  o.e.m.j.internal.DownloadSourcesJob - Downloaded sources for org.springframework.boot:spring-boot-test-autoconfigure:3.4.5
2025-04-28 18:18:59,920 [Worker-2: Download sources and javadoc] INFO  o.e.m.c.i.e.AbstractTransferListenerAdapter - Downloading https://repo.maven.apache.org/maven2/net/minidev/json-smart/2.5.2/json-smart-2.5.2-sources.jar
2025-04-28 18:18:59,963 [Worker-2: Download sources and javadoc] INFO  o.e.m.c.i.e.AbstractTransferListenerAdapter - Downloaded https://repo.maven.apache.org/maven2/net/minidev/json-smart/2.5.2/json-smart-2.5.2-sources.jar
2025-04-28 18:18:59,967 [Worker-2: Download sources and javadoc] INFO  o.e.m.j.internal.DownloadSourcesJob - Downloaded sources for net.minidev:json-smart:2.5.2
2025-04-28 18:19:00,011 [Worker-2: Download sources and javadoc] INFO  o.e.m.c.i.e.AbstractTransferListenerAdapter - Downloading https://repo.maven.apache.org/maven2/net/minidev/accessors-smart/2.5.2/accessors-smart-2.5.2-sources.jar
2025-04-28 18:19:00,344 [Worker-2: Download sources and javadoc] INFO  o.e.m.c.i.e.AbstractTransferListenerAdapter - Downloaded https://repo.maven.apache.org/maven2/net/minidev/accessors-smart/2.5.2/accessors-smart-2.5.2-sources.jar
2025-04-28 18:19:00,348 [Worker-2: Download sources and javadoc] INFO  o.e.m.j.internal.DownloadSourcesJob - Downloaded sources for net.minidev:accessors-smart:2.5.2
2025-04-28 18:19:00,387 [Worker-2: Download sources and javadoc] INFO  o.e.m.c.i.e.AbstractTransferListenerAdapter - Downloading https://repo.maven.apache.org/maven2/org/ow2/asm/asm/9.7.1/asm-9.7.1-sources.jar
2025-04-28 18:19:00,515 [Worker-2: Download sources and javadoc] INFO  o.e.m.c.i.e.AbstractTransferListenerAdapter - Downloaded https://repo.maven.apache.org/maven2/org/ow2/asm/asm/9.7.1/asm-9.7.1-sources.jar
2025-04-28 18:19:00,520 [Worker-2: Download sources and javadoc] INFO  o.e.m.j.internal.DownloadSourcesJob - Downloaded sources for org.ow2.asm:asm:9.7.1
2025-04-28 18:19:00,563 [Worker-2: Download sources and javadoc] INFO  o.e.m.c.i.e.AbstractTransferListenerAdapter - Downloading https://repo.maven.apache.org/maven2/org/springframework/spring-core/6.2.6/spring-core-6.2.6-sources.jar
2025-04-28 18:19:00,956 [Worker-2: Download sources and javadoc] INFO  o.e.m.c.i.e.AbstractTransferListenerAdapter - Downloaded https://repo.maven.apache.org/maven2/org/springframework/spring-core/6.2.6/spring-core-6.2.6-sources.jar
2025-04-28 18:19:00,961 [Worker-2: Download sources and javadoc] INFO  o.e.m.j.internal.DownloadSourcesJob - Downloaded sources for org.springframework:spring-core:6.2.6
2025-04-28 18:19:01,010 [Worker-2: Download sources and javadoc] INFO  o.e.m.c.i.e.AbstractTransferListenerAdapter - Downloading https://repo.maven.apache.org/maven2/org/springframework/spring-jcl/6.2.6/spring-jcl-6.2.6-sources.jar
2025-04-28 18:19:01,241 [Worker-2: Download sources and javadoc] INFO  o.e.m.c.i.e.AbstractTransferListenerAdapter - Downloaded https://repo.maven.apache.org/maven2/org/springframework/spring-jcl/6.2.6/spring-jcl-6.2.6-sources.jar
2025-04-28 18:19:01,246 [Worker-2: Download sources and javadoc] INFO  o.e.m.j.internal.DownloadSourcesJob - Downloaded sources for org.springframework:spring-jcl:6.2.6
2025-04-28 18:19:01,291 [Worker-2: Download sources and javadoc] INFO  o.e.m.c.i.e.AbstractTransferListenerAdapter - Downloading https://repo.maven.apache.org/maven2/org/springframework/spring-test/6.2.6/spring-test-6.2.6-sources.jar
2025-04-28 18:19:01,437 [Worker-2: Download sources and javadoc] INFO  o.e.m.c.i.e.AbstractTransferListenerAdapter - Downloaded https://repo.maven.apache.org/maven2/org/springframework/spring-test/6.2.6/spring-test-6.2.6-sources.jar
2025-04-28 18:19:01,440 [Worker-2: Download sources and javadoc] INFO  o.e.m.j.internal.DownloadSourcesJob - Downloaded sources for org.springframework:spring-test:6.2.6
2025-04-28 18:19:01,486 [Worker-2: Download sources and javadoc] INFO  o.e.m.c.i.e.AbstractTransferListenerAdapter - Downloading https://repo.maven.apache.org/maven2/org/springframework/security/spring-security-test/6.4.5/spring-security-test-6.4.5-sources.jar
2025-04-28 18:19:01,537 [Worker-2: Download sources and javadoc] INFO  o.e.m.c.i.e.AbstractTransferListenerAdapter - Downloaded https://repo.maven.apache.org/maven2/org/springframework/security/spring-security-test/6.4.5/spring-security-test-6.4.5-sources.jar
2025-04-28 18:19:01,542 [Worker-2: Download sources and javadoc] INFO  o.e.m.j.internal.DownloadSourcesJob - Downloaded sources for org.springframework.security:spring-security-test:6.4.5
2025-04-28 18:19:01,595 [Worker-2: Download sources and javadoc] INFO  o.e.m.c.i.e.AbstractTransferListenerAdapter - Downloading https://repo.maven.apache.org/maven2/org/springframework/security/spring-security-core/6.4.5/spring-security-core-6.4.5-sources.jar
2025-04-28 18:19:01,990 [Worker-2: Download sources and javadoc] INFO  o.e.m.c.i.e.AbstractTransferListenerAdapter - Downloaded https://repo.maven.apache.org/maven2/org/springframework/security/spring-security-core/6.4.5/spring-security-core-6.4.5-sources.jar
2025-04-28 18:19:02,001 [Worker-2: Download sources and javadoc] INFO  o.e.m.j.internal.DownloadSourcesJob - Downloaded sources for org.springframework.security:spring-security-core:6.4.5
2025-04-28 18:19:02,051 [Worker-2: Download sources and javadoc] INFO  o.e.m.c.i.e.AbstractTransferListenerAdapter - Downloading https://repo.maven.apache.org/maven2/org/springframework/security/spring-security-crypto/6.4.5/spring-security-crypto-6.4.5-sources.jar
2025-04-28 18:19:02,095 [Worker-2: Download sources and javadoc] INFO  o.e.m.c.i.e.AbstractTransferListenerAdapter - Downloaded https://repo.maven.apache.org/maven2/org/springframework/security/spring-security-crypto/6.4.5/spring-security-crypto-6.4.5-sources.jar
2025-04-28 18:19:02,099 [Worker-2: Download sources and javadoc] INFO  o.e.m.j.internal.DownloadSourcesJob - Downloaded sources for org.springframework.security:spring-security-crypto:6.4.5
2025-04-28 19:03:37,042 [Worker-20: Building] INFO  o.a.m.s.f.DefaultMavenResourcesFiltering - Copying 1 resource from src\main\resources to target\classes
2025-04-28 19:03:37,057 [Worker-20: Building] INFO  o.a.m.s.f.DefaultMavenResourcesFiltering - Copying 0 resource from src\main\resources to target\classes
2025-04-28 19:03:37,063 [Worker-20: Building] INFO  o.a.m.s.f.DefaultMavenResourcesFiltering - skip non existing resourceDirectory C:\Users\admin\Desktop\New folder (5)\Backend\EnzigmaDemo\src\test\resources
2025-04-28 19:04:54,156 [Worker-22: Building] INFO  o.a.m.s.f.DefaultMavenResourcesFiltering - Copying 1 resource from src\main\resources to target\classes
2025-04-28 19:04:54,164 [Worker-22: Building] INFO  o.a.m.s.f.DefaultMavenResourcesFiltering - Copying 0 resource from src\main\resources to target\classes
2025-04-28 19:04:54,175 [Worker-22: Building] INFO  o.a.m.s.f.DefaultMavenResourcesFiltering - skip non existing resourceDirectory C:\Users\admin\Desktop\New folder (5)\Backend\EnzigmaDemo\src\test\resources
2025-04-28 19:05:19,612 [Worker-21: Building] INFO  o.a.m.s.f.DefaultMavenResourcesFiltering - Copying 1 resource from src\main\resources to target\classes
2025-04-28 19:05:19,621 [Worker-21: Building] INFO  o.a.m.s.f.DefaultMavenResourcesFiltering - Copying 0 resource from src\main\resources to target\classes
2025-04-28 19:05:19,625 [Worker-21: Building] INFO  o.a.m.s.f.DefaultMavenResourcesFiltering - skip non existing resourceDirectory C:\Users\admin\Desktop\New folder (5)\Backend\EnzigmaDemo\src\test\resources
2025-04-28 19:05:28,411 [Worker-22: Building] INFO  o.a.m.s.f.DefaultMavenResourcesFiltering - Copying 1 resource from src\main\resources to target\classes
2025-04-28 19:05:28,420 [Worker-22: Building] INFO  o.a.m.s.f.DefaultMavenResourcesFiltering - Copying 0 resource from src\main\resources to target\classes
2025-04-28 19:05:28,427 [Worker-22: Building] INFO  o.a.m.s.f.DefaultMavenResourcesFiltering - skip non existing resourceDirectory C:\Users\admin\Desktop\New folder (5)\Backend\EnzigmaDemo\src\test\resources
2025-04-28 19:05:51,195 [Worker-20: Building] INFO  o.a.m.s.f.DefaultMavenResourcesFiltering - Copying 1 resource from src\main\resources to target\classes
2025-04-28 19:05:51,201 [Worker-20: Building] INFO  o.a.m.s.f.DefaultMavenResourcesFiltering - Copying 0 resource from src\main\resources to target\classes
2025-04-28 19:05:51,206 [Worker-20: Building] INFO  o.a.m.s.f.DefaultMavenResourcesFiltering - skip non existing resourceDirectory C:\Users\admin\Desktop\New folder (5)\Backend\EnzigmaDemo\src\test\resources
2025-04-28 19:06:00,660 [Worker-19: Building] INFO  o.a.m.s.f.DefaultMavenResourcesFiltering - Copying 1 resource from src\main\resources to target\classes
2025-04-28 19:06:00,665 [Worker-19: Building] INFO  o.a.m.s.f.DefaultMavenResourcesFiltering - Copying 0 resource from src\main\resources to target\classes
2025-04-28 19:06:00,670 [Worker-19: Building] INFO  o.a.m.s.f.DefaultMavenResourcesFiltering - skip non existing resourceDirectory C:\Users\admin\Desktop\New folder (5)\Backend\EnzigmaDemo\src\test\resources
2025-04-28 19:07:08,420 [Worker-21: Building] INFO  o.a.m.s.f.DefaultMavenResourcesFiltering - Copying 1 resource from src\main\resources to target\classes
2025-04-28 19:07:08,424 [Worker-21: Building] INFO  o.a.m.s.f.DefaultMavenResourcesFiltering - Copying 0 resource from src\main\resources to target\classes
2025-04-28 19:07:08,428 [Worker-21: Building] INFO  o.a.m.s.f.DefaultMavenResourcesFiltering - skip non existing resourceDirectory C:\Users\admin\Desktop\New folder (5)\Backend\EnzigmaDemo\src\test\resources
2025-04-28 19:07:20,755 [Worker-23: Building] INFO  o.a.m.s.f.DefaultMavenResourcesFiltering - Copying 1 resource from src\main\resources to target\classes
2025-04-28 19:07:20,760 [Worker-23: Building] INFO  o.a.m.s.f.DefaultMavenResourcesFiltering - Copying 0 resource from src\main\resources to target\classes
2025-04-28 19:07:20,766 [Worker-23: Building] INFO  o.a.m.s.f.DefaultMavenResourcesFiltering - skip non existing resourceDirectory C:\Users\admin\Desktop\New folder (5)\Backend\EnzigmaDemo\src\test\resources
2025-04-28 19:07:42,541 [Worker-19: Building] INFO  o.a.m.s.f.DefaultMavenResourcesFiltering - Copying 1 resource from src\main\resources to target\classes
2025-04-28 19:07:42,547 [Worker-19: Building] INFO  o.a.m.s.f.DefaultMavenResourcesFiltering - Copying 0 resource from src\main\resources to target\classes
2025-04-28 19:07:42,552 [Worker-19: Building] INFO  o.a.m.s.f.DefaultMavenResourcesFiltering - skip non existing resourceDirectory C:\Users\admin\Desktop\New folder (5)\Backend\EnzigmaDemo\src\test\resources
2025-04-28 19:08:16,884 [Worker-16: Building] INFO  o.a.m.s.f.DefaultMavenResourcesFiltering - Copying 1 resource from src\main\resources to target\classes
2025-04-28 19:08:16,888 [Worker-16: Building] INFO  o.a.m.s.f.DefaultMavenResourcesFiltering - Copying 0 resource from src\main\resources to target\classes
2025-04-28 19:08:16,892 [Worker-16: Building] INFO  o.a.m.s.f.DefaultMavenResourcesFiltering - skip non existing resourceDirectory C:\Users\admin\Desktop\New folder (5)\Backend\EnzigmaDemo\src\test\resources
2025-04-28 19:30:23,173 [Worker-25: Building] INFO  o.a.m.s.f.DefaultMavenResourcesFiltering - Copying 1 resource from src\main\resources to target\classes
2025-04-28 19:30:23,180 [Worker-25: Building] INFO  o.a.m.s.f.DefaultMavenResourcesFiltering - Copying 0 resource from src\main\resources to target\classes
2025-04-28 19:30:23,183 [Worker-25: Building] INFO  o.a.m.s.f.DefaultMavenResourcesFiltering - skip non existing resourceDirectory C:\Users\admin\Desktop\New folder (5)\Backend\EnzigmaDemo\src\test\resources
2025-04-28 19:30:31,208 [Worker-24: Building] INFO  o.a.m.s.f.DefaultMavenResourcesFiltering - Copying 1 resource from src\main\resources to target\classes
2025-04-28 19:30:31,214 [Worker-24: Building] INFO  o.a.m.s.f.DefaultMavenResourcesFiltering - Copying 0 resource from src\main\resources to target\classes
2025-04-28 19:30:31,217 [Worker-24: Building] INFO  o.a.m.s.f.DefaultMavenResourcesFiltering - skip non existing resourceDirectory C:\Users\admin\Desktop\New folder (5)\Backend\EnzigmaDemo\src\test\resources
2025-04-28 19:30:34,510 [Worker-21: Building] INFO  o.a.m.s.f.DefaultMavenResourcesFiltering - Copying 1 resource from src\main\resources to target\classes
2025-04-28 19:30:34,517 [Worker-21: Building] INFO  o.a.m.s.f.DefaultMavenResourcesFiltering - Copying 0 resource from src\main\resources to target\classes
2025-04-28 19:30:34,520 [Worker-21: Building] INFO  o.a.m.s.f.DefaultMavenResourcesFiltering - skip non existing resourceDirectory C:\Users\admin\Desktop\New folder (5)\Backend\EnzigmaDemo\src\test\resources
2025-04-28 19:32:08,877 [Worker-19: Building] INFO  o.a.m.s.f.DefaultMavenResourcesFiltering - Copying 1 resource from src\main\resources to target\classes
2025-04-28 19:32:08,884 [Worker-19: Building] INFO  o.a.m.s.f.DefaultMavenResourcesFiltering - Copying 0 resource from src\main\resources to target\classes
2025-04-28 19:32:08,888 [Worker-19: Building] INFO  o.a.m.s.f.DefaultMavenResourcesFiltering - skip non existing resourceDirectory C:\Users\admin\Desktop\New folder (5)\Backend\EnzigmaDemo\src\test\resources
2025-04-28 19:32:14,137 [Worker-21: Building] INFO  o.a.m.s.f.DefaultMavenResourcesFiltering - Copying 1 resource from src\main\resources to target\classes
2025-04-28 19:32:14,143 [Worker-21: Building] INFO  o.a.m.s.f.DefaultMavenResourcesFiltering - Copying 0 resource from src\main\resources to target\classes
2025-04-28 19:32:14,146 [Worker-21: Building] INFO  o.a.m.s.f.DefaultMavenResourcesFiltering - skip non existing resourceDirectory C:\Users\admin\Desktop\New folder (5)\Backend\EnzigmaDemo\src\test\resources
2025-04-28 19:32:16,101 [Worker-26: Building] INFO  o.a.m.s.f.DefaultMavenResourcesFiltering - Copying 1 resource from src\main\resources to target\classes
2025-04-28 19:32:16,107 [Worker-26: Building] INFO  o.a.m.s.f.DefaultMavenResourcesFiltering - Copying 0 resource from src\main\resources to target\classes
2025-04-28 19:32:16,109 [Worker-26: Building] INFO  o.a.m.s.f.DefaultMavenResourcesFiltering - skip non existing resourceDirectory C:\Users\admin\Desktop\New folder (5)\Backend\EnzigmaDemo\src\test\resources
2025-04-28 19:33:21,658 [Worker-25: Building] INFO  o.a.m.s.f.DefaultMavenResourcesFiltering - Copying 1 resource from src\main\resources to target\classes
2025-04-28 19:33:21,667 [Worker-25: Building] INFO  o.a.m.s.f.DefaultMavenResourcesFiltering - Copying 0 resource from src\main\resources to target\classes
2025-04-28 19:33:21,670 [Worker-25: Building] INFO  o.a.m.s.f.DefaultMavenResourcesFiltering - skip non existing resourceDirectory C:\Users\admin\Desktop\New folder (5)\Backend\EnzigmaDemo\src\test\resources
2025-04-28 19:33:28,588 [Worker-24: Building] INFO  o.a.m.s.f.DefaultMavenResourcesFiltering - Copying 1 resource from src\main\resources to target\classes
2025-04-28 19:33:28,592 [Worker-24: Building] INFO  o.a.m.s.f.DefaultMavenResourcesFiltering - Copying 0 resource from src\main\resources to target\classes
2025-04-28 19:33:28,595 [Worker-24: Building] INFO  o.a.m.s.f.DefaultMavenResourcesFiltering - skip non existing resourceDirectory C:\Users\admin\Desktop\New folder (5)\Backend\EnzigmaDemo\src\test\resources
2025-04-28 19:33:29,880 [Worker-26: Building] INFO  o.a.m.s.f.DefaultMavenResourcesFiltering - Copying 1 resource from src\main\resources to target\classes
2025-04-28 19:33:29,884 [Worker-26: Building] INFO  o.a.m.s.f.DefaultMavenResourcesFiltering - Copying 0 resource from src\main\resources to target\classes
2025-04-28 19:33:29,887 [Worker-26: Building] INFO  o.a.m.s.f.DefaultMavenResourcesFiltering - skip non existing resourceDirectory C:\Users\admin\Desktop\New folder (5)\Backend\EnzigmaDemo\src\test\resources
2025-04-28 19:34:02,231 [Worker-26: Building] INFO  o.a.m.s.f.DefaultMavenResourcesFiltering - Copying 1 resource from src\main\resources to target\classes
2025-04-28 19:34:02,235 [Worker-26: Building] INFO  o.a.m.s.f.DefaultMavenResourcesFiltering - Copying 0 resource from src\main\resources to target\classes
2025-04-28 19:34:02,238 [Worker-26: Building] INFO  o.a.m.s.f.DefaultMavenResourcesFiltering - skip non existing resourceDirectory C:\Users\admin\Desktop\New folder (5)\Backend\EnzigmaDemo\src\test\resources
2025-04-28 19:35:21,562 [Worker-24: Building] INFO  o.a.m.s.f.DefaultMavenResourcesFiltering - Copying 1 resource from src\main\resources to target\classes
2025-04-28 19:35:21,566 [Worker-24: Building] INFO  o.a.m.s.f.DefaultMavenResourcesFiltering - Copying 0 resource from src\main\resources to target\classes
2025-04-28 19:35:21,570 [Worker-24: Building] INFO  o.a.m.s.f.DefaultMavenResourcesFiltering - skip non existing resourceDirectory C:\Users\admin\Desktop\New folder (5)\Backend\EnzigmaDemo\src\test\resources
2025-04-28 19:36:02,596 [Worker-25: Building] INFO  o.a.m.s.f.DefaultMavenResourcesFiltering - Copying 1 resource from src\main\resources to target\classes
2025-04-28 19:36:02,601 [Worker-25: Building] INFO  o.a.m.s.f.DefaultMavenResourcesFiltering - Copying 0 resource from src\main\resources to target\classes
2025-04-28 19:36:02,604 [Worker-25: Building] INFO  o.a.m.s.f.DefaultMavenResourcesFiltering - skip non existing resourceDirectory C:\Users\admin\Desktop\New folder (5)\Backend\EnzigmaDemo\src\test\resources
2025-04-28 19:36:28,318 [Worker-24: Building] INFO  o.a.m.s.f.DefaultMavenResourcesFiltering - Copying 1 resource from src\main\resources to target\classes
2025-04-28 19:36:28,321 [Worker-24: Building] INFO  o.a.m.s.f.DefaultMavenResourcesFiltering - Copying 0 resource from src\main\resources to target\classes
2025-04-28 19:36:28,324 [Worker-24: Building] INFO  o.a.m.s.f.DefaultMavenResourcesFiltering - skip non existing resourceDirectory C:\Users\admin\Desktop\New folder (5)\Backend\EnzigmaDemo\src\test\resources
2025-04-28 19:38:41,462 [Worker-21: Building] INFO  o.a.m.s.f.DefaultMavenResourcesFiltering - Copying 1 resource from src\main\resources to target\classes
2025-04-28 19:38:41,467 [Worker-21: Building] INFO  o.a.m.s.f.DefaultMavenResourcesFiltering - Copying 0 resource from src\main\resources to target\classes
2025-04-28 19:38:41,470 [Worker-21: Building] INFO  o.a.m.s.f.DefaultMavenResourcesFiltering - skip non existing resourceDirectory C:\Users\admin\Desktop\New folder (5)\Backend\EnzigmaDemo\src\test\resources
2025-04-28 19:38:49,551 [Worker-25: Building] INFO  o.a.m.s.f.DefaultMavenResourcesFiltering - Copying 1 resource from src\main\resources to target\classes
2025-04-28 19:38:49,556 [Worker-25: Building] INFO  o.a.m.s.f.DefaultMavenResourcesFiltering - Copying 0 resource from src\main\resources to target\classes
2025-04-28 19:38:49,559 [Worker-25: Building] INFO  o.a.m.s.f.DefaultMavenResourcesFiltering - skip non existing resourceDirectory C:\Users\admin\Desktop\New folder (5)\Backend\EnzigmaDemo\src\test\resources
2025-04-28 19:39:33,010 [Worker-19: Building] INFO  o.a.m.s.f.DefaultMavenResourcesFiltering - Copying 1 resource from src\main\resources to target\classes
2025-04-28 19:39:33,016 [Worker-19: Building] INFO  o.a.m.s.f.DefaultMavenResourcesFiltering - Copying 0 resource from src\main\resources to target\classes
2025-04-28 19:39:33,019 [Worker-19: Building] INFO  o.a.m.s.f.DefaultMavenResourcesFiltering - skip non existing resourceDirectory C:\Users\admin\Desktop\New folder (5)\Backend\EnzigmaDemo\src\test\resources
2025-04-28 19:41:13,941 [Worker-25: Building] INFO  o.a.m.s.f.DefaultMavenResourcesFiltering - Copying 1 resource from src\main\resources to target\classes
2025-04-28 19:41:13,947 [Worker-25: Building] INFO  o.a.m.s.f.DefaultMavenResourcesFiltering - Copying 0 resource from src\main\resources to target\classes
2025-04-28 19:41:13,950 [Worker-25: Building] INFO  o.a.m.s.f.DefaultMavenResourcesFiltering - skip non existing resourceDirectory C:\Users\admin\Desktop\New folder (5)\Backend\EnzigmaDemo\src\test\resources
2025-04-28 19:41:22,535 [Worker-21: Building] INFO  o.a.m.s.f.DefaultMavenResourcesFiltering - Copying 1 resource from src\main\resources to target\classes
2025-04-28 19:41:22,540 [Worker-21: Building] INFO  o.a.m.s.f.DefaultMavenResourcesFiltering - Copying 0 resource from src\main\resources to target\classes
2025-04-28 19:41:22,544 [Worker-21: Building] INFO  o.a.m.s.f.DefaultMavenResourcesFiltering - skip non existing resourceDirectory C:\Users\admin\Desktop\New folder (5)\Backend\EnzigmaDemo\src\test\resources
2025-04-28 19:48:55,715 [Worker-28: Building] INFO  o.a.m.s.f.DefaultMavenResourcesFiltering - Copying 1 resource from src\main\resources to target\classes
2025-04-28 19:48:55,723 [Worker-28: Building] INFO  o.a.m.s.f.DefaultMavenResourcesFiltering - Copying 0 resource from src\main\resources to target\classes
2025-04-28 19:48:55,726 [Worker-28: Building] INFO  o.a.m.s.f.DefaultMavenResourcesFiltering - skip non existing resourceDirectory C:\Users\admin\Desktop\New folder (5)\Backend\EnzigmaDemo\src\test\resources
2025-04-28 19:49:43,185 [main] INFO  o.e.m2e.actions.ExecutePomAction - Creating new launch configuration
2025-04-28 19:49:52,148 [Worker-21: Launching EnzigmaDemo] INFO  o.eclipse.m2e.core.internal.Bundles - getClasspathEntries(Bundle=org.eclipse.m2e.maven.runtime_3.9.900.20240824-1409 [364])
2025-04-28 19:49:52,153 [Worker-21: Launching EnzigmaDemo] INFO  o.eclipse.m2e.core.internal.Bundles - 	Entry: D:\Offline_Softwares\AdvJava_Softwares\Windows\spring-tool-suite-4-4.27.0.RELEASE-e4.34.0-win32.win32.x86_64\sts-4.27.0.RELEASE\plugins\org.eclipse.m2e.maven.runtime_3.9.900.20240824-1409
2025-04-28 19:49:52,154 [Worker-21: Launching EnzigmaDemo] INFO  o.eclipse.m2e.core.internal.Bundles - 	Entry: D:\Offline_Softwares\AdvJava_Softwares\Windows\spring-tool-suite-4-4.27.0.RELEASE-e4.34.0-win32.win32.x86_64\sts-4.27.0.RELEASE\plugins\org.eclipse.m2e.maven.runtime_3.9.900.20240824-1409\jars\aopalliance-1.0.jar
2025-04-28 19:49:52,154 [Worker-21: Launching EnzigmaDemo] INFO  o.eclipse.m2e.core.internal.Bundles - 	Entry: D:\Offline_Softwares\AdvJava_Softwares\Windows\spring-tool-suite-4-4.27.0.RELEASE-e4.34.0-win32.win32.x86_64\sts-4.27.0.RELEASE\plugins\org.eclipse.m2e.maven.runtime_3.9.900.20240824-1409\jars\guice-5.1.0.jar
2025-04-28 19:49:52,154 [Worker-21: Launching EnzigmaDemo] INFO  o.eclipse.m2e.core.internal.Bundles - 	Entry: D:\Offline_Softwares\AdvJava_Softwares\Windows\spring-tool-suite-4-4.27.0.RELEASE-e4.34.0-win32.win32.x86_64\sts-4.27.0.RELEASE\plugins\org.eclipse.m2e.maven.runtime_3.9.900.20240824-1409\jars\httpclient-4.5.14.jar
2025-04-28 19:49:52,154 [Worker-21: Launching EnzigmaDemo] INFO  o.eclipse.m2e.core.internal.Bundles - 	Entry: D:\Offline_Softwares\AdvJava_Softwares\Windows\spring-tool-suite-4-4.27.0.RELEASE-e4.34.0-win32.win32.x86_64\sts-4.27.0.RELEASE\plugins\org.eclipse.m2e.maven.runtime_3.9.900.20240824-1409\jars\httpcore-4.4.16.jar
2025-04-28 19:49:52,154 [Worker-21: Launching EnzigmaDemo] INFO  o.eclipse.m2e.core.internal.Bundles - 	Entry: D:\Offline_Softwares\AdvJava_Softwares\Windows\spring-tool-suite-4-4.27.0.RELEASE-e4.34.0-win32.win32.x86_64\sts-4.27.0.RELEASE\plugins\org.eclipse.m2e.maven.runtime_3.9.900.20240824-1409\jars\jansi-2.4.1.jar
2025-04-28 19:49:52,155 [Worker-21: Launching EnzigmaDemo] INFO  o.eclipse.m2e.core.internal.Bundles - 	Entry: D:\Offline_Softwares\AdvJava_Softwares\Windows\spring-tool-suite-4-4.27.0.RELEASE-e4.34.0-win32.win32.x86_64\sts-4.27.0.RELEASE\plugins\org.eclipse.m2e.maven.runtime_3.9.900.20240824-1409\jars\jcl-over-slf4j-1.7.36.jar
2025-04-28 19:49:52,155 [Worker-21: Launching EnzigmaDemo] INFO  o.eclipse.m2e.core.internal.Bundles - 	Entry: D:\Offline_Softwares\AdvJava_Softwares\Windows\spring-tool-suite-4-4.27.0.RELEASE-e4.34.0-win32.win32.x86_64\sts-4.27.0.RELEASE\plugins\org.eclipse.m2e.maven.runtime_3.9.900.20240824-1409\jars\maven-artifact-3.9.9.jar
2025-04-28 19:49:52,155 [Worker-21: Launching EnzigmaDemo] INFO  o.eclipse.m2e.core.internal.Bundles - 	Entry: D:\Offline_Softwares\AdvJava_Softwares\Windows\spring-tool-suite-4-4.27.0.RELEASE-e4.34.0-win32.win32.x86_64\sts-4.27.0.RELEASE\plugins\org.eclipse.m2e.maven.runtime_3.9.900.20240824-1409\jars\maven-builder-support-3.9.9.jar
2025-04-28 19:49:52,155 [Worker-21: Launching EnzigmaDemo] INFO  o.eclipse.m2e.core.internal.Bundles - 	Entry: D:\Offline_Softwares\AdvJava_Softwares\Windows\spring-tool-suite-4-4.27.0.RELEASE-e4.34.0-win32.win32.x86_64\sts-4.27.0.RELEASE\plugins\org.eclipse.m2e.maven.runtime_3.9.900.20240824-1409\jars\maven-compat-3.9.9.jar
2025-04-28 19:49:52,155 [Worker-21: Launching EnzigmaDemo] INFO  o.eclipse.m2e.core.internal.Bundles - 	Entry: D:\Offline_Softwares\AdvJava_Softwares\Windows\spring-tool-suite-4-4.27.0.RELEASE-e4.34.0-win32.win32.x86_64\sts-4.27.0.RELEASE\plugins\org.eclipse.m2e.maven.runtime_3.9.900.20240824-1409\jars\maven-core-3.9.9.jar
2025-04-28 19:49:52,155 [Worker-21: Launching EnzigmaDemo] INFO  o.eclipse.m2e.core.internal.Bundles - 	Entry: D:\Offline_Softwares\AdvJava_Softwares\Windows\spring-tool-suite-4-4.27.0.RELEASE-e4.34.0-win32.win32.x86_64\sts-4.27.0.RELEASE\plugins\org.eclipse.m2e.maven.runtime_3.9.900.20240824-1409\jars\maven-embedder-3.9.9.jar
2025-04-28 19:49:52,155 [Worker-21: Launching EnzigmaDemo] INFO  o.eclipse.m2e.core.internal.Bundles - 	Entry: D:\Offline_Softwares\AdvJava_Softwares\Windows\spring-tool-suite-4-4.27.0.RELEASE-e4.34.0-win32.win32.x86_64\sts-4.27.0.RELEASE\plugins\org.eclipse.m2e.maven.runtime_3.9.900.20240824-1409\jars\maven-model-3.9.9.jar
2025-04-28 19:49:52,156 [Worker-21: Launching EnzigmaDemo] INFO  o.eclipse.m2e.core.internal.Bundles - 	Entry: D:\Offline_Softwares\AdvJava_Softwares\Windows\spring-tool-suite-4-4.27.0.RELEASE-e4.34.0-win32.win32.x86_64\sts-4.27.0.RELEASE\plugins\org.eclipse.m2e.maven.runtime_3.9.900.20240824-1409\jars\maven-model-builder-3.9.9.jar
2025-04-28 19:49:52,156 [Worker-21: Launching EnzigmaDemo] INFO  o.eclipse.m2e.core.internal.Bundles - 	Entry: D:\Offline_Softwares\AdvJava_Softwares\Windows\spring-tool-suite-4-4.27.0.RELEASE-e4.34.0-win32.win32.x86_64\sts-4.27.0.RELEASE\plugins\org.eclipse.m2e.maven.runtime_3.9.900.20240824-1409\jars\maven-plugin-api-3.9.9.jar
2025-04-28 19:49:52,156 [Worker-21: Launching EnzigmaDemo] INFO  o.eclipse.m2e.core.internal.Bundles - 	Entry: D:\Offline_Softwares\AdvJava_Softwares\Windows\spring-tool-suite-4-4.27.0.RELEASE-e4.34.0-win32.win32.x86_64\sts-4.27.0.RELEASE\plugins\org.eclipse.m2e.maven.runtime_3.9.900.20240824-1409\jars\maven-repository-metadata-3.9.9.jar
2025-04-28 19:49:52,156 [Worker-21: Launching EnzigmaDemo] INFO  o.eclipse.m2e.core.internal.Bundles - 	Entry: D:\Offline_Softwares\AdvJava_Softwares\Windows\spring-tool-suite-4-4.27.0.RELEASE-e4.34.0-win32.win32.x86_64\sts-4.27.0.RELEASE\plugins\org.eclipse.m2e.maven.runtime_3.9.900.20240824-1409\jars\maven-resolver-api-1.9.22.jar
2025-04-28 19:49:52,156 [Worker-21: Launching EnzigmaDemo] INFO  o.eclipse.m2e.core.internal.Bundles - 	Entry: D:\Offline_Softwares\AdvJava_Softwares\Windows\spring-tool-suite-4-4.27.0.RELEASE-e4.34.0-win32.win32.x86_64\sts-4.27.0.RELEASE\plugins\org.eclipse.m2e.maven.runtime_3.9.900.20240824-1409\jars\maven-resolver-connector-basic-1.9.22.jar
2025-04-28 19:49:52,156 [Worker-21: Launching EnzigmaDemo] INFO  o.eclipse.m2e.core.internal.Bundles - 	Entry: D:\Offline_Softwares\AdvJava_Softwares\Windows\spring-tool-suite-4-4.27.0.RELEASE-e4.34.0-win32.win32.x86_64\sts-4.27.0.RELEASE\plugins\org.eclipse.m2e.maven.runtime_3.9.900.20240824-1409\jars\maven-resolver-impl-1.9.22.jar
2025-04-28 19:49:52,157 [Worker-21: Launching EnzigmaDemo] INFO  o.eclipse.m2e.core.internal.Bundles - 	Entry: D:\Offline_Softwares\AdvJava_Softwares\Windows\spring-tool-suite-4-4.27.0.RELEASE-e4.34.0-win32.win32.x86_64\sts-4.27.0.RELEASE\plugins\org.eclipse.m2e.maven.runtime_3.9.900.20240824-1409\jars\maven-resolver-named-locks-1.9.22.jar
2025-04-28 19:49:52,157 [Worker-21: Launching EnzigmaDemo] INFO  o.eclipse.m2e.core.internal.Bundles - 	Entry: D:\Offline_Softwares\AdvJava_Softwares\Windows\spring-tool-suite-4-4.27.0.RELEASE-e4.34.0-win32.win32.x86_64\sts-4.27.0.RELEASE\plugins\org.eclipse.m2e.maven.runtime_3.9.900.20240824-1409\jars\maven-resolver-provider-3.9.9.jar
2025-04-28 19:49:52,157 [Worker-21: Launching EnzigmaDemo] INFO  o.eclipse.m2e.core.internal.Bundles - 	Entry: D:\Offline_Softwares\AdvJava_Softwares\Windows\spring-tool-suite-4-4.27.0.RELEASE-e4.34.0-win32.win32.x86_64\sts-4.27.0.RELEASE\plugins\org.eclipse.m2e.maven.runtime_3.9.900.20240824-1409\jars\maven-resolver-spi-1.9.22.jar
2025-04-28 19:49:52,157 [Worker-21: Launching EnzigmaDemo] INFO  o.eclipse.m2e.core.internal.Bundles - 	Entry: D:\Offline_Softwares\AdvJava_Softwares\Windows\spring-tool-suite-4-4.27.0.RELEASE-e4.34.0-win32.win32.x86_64\sts-4.27.0.RELEASE\plugins\org.eclipse.m2e.maven.runtime_3.9.900.20240824-1409\jars\maven-resolver-transport-file-1.9.22.jar
2025-04-28 19:49:52,157 [Worker-21: Launching EnzigmaDemo] INFO  o.eclipse.m2e.core.internal.Bundles - 	Entry: D:\Offline_Softwares\AdvJava_Softwares\Windows\spring-tool-suite-4-4.27.0.RELEASE-e4.34.0-win32.win32.x86_64\sts-4.27.0.RELEASE\plugins\org.eclipse.m2e.maven.runtime_3.9.900.20240824-1409\jars\maven-resolver-transport-http-1.9.22.jar
2025-04-28 19:49:52,157 [Worker-21: Launching EnzigmaDemo] INFO  o.eclipse.m2e.core.internal.Bundles - 	Entry: D:\Offline_Softwares\AdvJava_Softwares\Windows\spring-tool-suite-4-4.27.0.RELEASE-e4.34.0-win32.win32.x86_64\sts-4.27.0.RELEASE\plugins\org.eclipse.m2e.maven.runtime_3.9.900.20240824-1409\jars\maven-resolver-transport-wagon-1.9.22.jar
2025-04-28 19:49:52,157 [Worker-21: Launching EnzigmaDemo] INFO  o.eclipse.m2e.core.internal.Bundles - 	Entry: D:\Offline_Softwares\AdvJava_Softwares\Windows\spring-tool-suite-4-4.27.0.RELEASE-e4.34.0-win32.win32.x86_64\sts-4.27.0.RELEASE\plugins\org.eclipse.m2e.maven.runtime_3.9.900.20240824-1409\jars\maven-resolver-util-1.9.22.jar
2025-04-28 19:49:52,157 [Worker-21: Launching EnzigmaDemo] INFO  o.eclipse.m2e.core.internal.Bundles - 	Entry: D:\Offline_Softwares\AdvJava_Softwares\Windows\spring-tool-suite-4-4.27.0.RELEASE-e4.34.0-win32.win32.x86_64\sts-4.27.0.RELEASE\plugins\org.eclipse.m2e.maven.runtime_3.9.900.20240824-1409\jars\maven-settings-3.9.9.jar
2025-04-28 19:49:52,157 [Worker-21: Launching EnzigmaDemo] INFO  o.eclipse.m2e.core.internal.Bundles - 	Entry: D:\Offline_Softwares\AdvJava_Softwares\Windows\spring-tool-suite-4-4.27.0.RELEASE-e4.34.0-win32.win32.x86_64\sts-4.27.0.RELEASE\plugins\org.eclipse.m2e.maven.runtime_3.9.900.20240824-1409\jars\maven-settings-builder-3.9.9.jar
2025-04-28 19:49:52,158 [Worker-21: Launching EnzigmaDemo] INFO  o.eclipse.m2e.core.internal.Bundles - 	Entry: D:\Offline_Softwares\AdvJava_Softwares\Windows\spring-tool-suite-4-4.27.0.RELEASE-e4.34.0-win32.win32.x86_64\sts-4.27.0.RELEASE\plugins\org.eclipse.m2e.maven.runtime_3.9.900.20240824-1409\jars\maven-shared-utils-3.4.2.jar
2025-04-28 19:49:52,158 [Worker-21: Launching EnzigmaDemo] INFO  o.eclipse.m2e.core.internal.Bundles - 	Entry: D:\Offline_Softwares\AdvJava_Softwares\Windows\spring-tool-suite-4-4.27.0.RELEASE-e4.34.0-win32.win32.x86_64\sts-4.27.0.RELEASE\plugins\org.eclipse.m2e.maven.runtime_3.9.900.20240824-1409\jars\org.eclipse.sisu.inject-0.9.0.M3.jar
2025-04-28 19:49:52,158 [Worker-21: Launching EnzigmaDemo] INFO  o.eclipse.m2e.core.internal.Bundles - 	Entry: D:\Offline_Softwares\AdvJava_Softwares\Windows\spring-tool-suite-4-4.27.0.RELEASE-e4.34.0-win32.win32.x86_64\sts-4.27.0.RELEASE\plugins\org.eclipse.m2e.maven.runtime_3.9.900.20240824-1409\jars\org.eclipse.sisu.plexus-0.9.0.M3.jar
2025-04-28 19:49:52,158 [Worker-21: Launching EnzigmaDemo] INFO  o.eclipse.m2e.core.internal.Bundles - 	Entry: D:\Offline_Softwares\AdvJava_Softwares\Windows\spring-tool-suite-4-4.27.0.RELEASE-e4.34.0-win32.win32.x86_64\sts-4.27.0.RELEASE\plugins\org.eclipse.m2e.maven.runtime_3.9.900.20240824-1409\jars\plexus-build-api-0.0.7.jar
2025-04-28 19:49:52,158 [Worker-21: Launching EnzigmaDemo] INFO  o.eclipse.m2e.core.internal.Bundles - 	Entry: D:\Offline_Softwares\AdvJava_Softwares\Windows\spring-tool-suite-4-4.27.0.RELEASE-e4.34.0-win32.win32.x86_64\sts-4.27.0.RELEASE\plugins\org.eclipse.m2e.maven.runtime_3.9.900.20240824-1409\jars\plexus-build-api-1.2.0.jar
2025-04-28 19:49:52,158 [Worker-21: Launching EnzigmaDemo] INFO  o.eclipse.m2e.core.internal.Bundles - 	Entry: D:\Offline_Softwares\AdvJava_Softwares\Windows\spring-tool-suite-4-4.27.0.RELEASE-e4.34.0-win32.win32.x86_64\sts-4.27.0.RELEASE\plugins\org.eclipse.m2e.maven.runtime_3.9.900.20240824-1409\jars\plexus-cipher-2.0.jar
2025-04-28 19:49:52,158 [Worker-21: Launching EnzigmaDemo] INFO  o.eclipse.m2e.core.internal.Bundles - 	Entry: D:\Offline_Softwares\AdvJava_Softwares\Windows\spring-tool-suite-4-4.27.0.RELEASE-e4.34.0-win32.win32.x86_64\sts-4.27.0.RELEASE\plugins\org.eclipse.m2e.maven.runtime_3.9.900.20240824-1409\jars\plexus-classworlds-2.8.0.jar
2025-04-28 19:49:52,158 [Worker-21: Launching EnzigmaDemo] INFO  o.eclipse.m2e.core.internal.Bundles - 	Entry: D:\Offline_Softwares\AdvJava_Softwares\Windows\spring-tool-suite-4-4.27.0.RELEASE-e4.34.0-win32.win32.x86_64\sts-4.27.0.RELEASE\plugins\org.eclipse.m2e.maven.runtime_3.9.900.20240824-1409\jars\plexus-component-annotations-2.1.0.jar
2025-04-28 19:49:52,159 [Worker-21: Launching EnzigmaDemo] INFO  o.eclipse.m2e.core.internal.Bundles - 	Entry: D:\Offline_Softwares\AdvJava_Softwares\Windows\spring-tool-suite-4-4.27.0.RELEASE-e4.34.0-win32.win32.x86_64\sts-4.27.0.RELEASE\plugins\org.eclipse.m2e.maven.runtime_3.9.900.20240824-1409\jars\plexus-interpolation-1.27.jar
2025-04-28 19:49:52,159 [Worker-21: Launching EnzigmaDemo] INFO  o.eclipse.m2e.core.internal.Bundles - 	Entry: D:\Offline_Softwares\AdvJava_Softwares\Windows\spring-tool-suite-4-4.27.0.RELEASE-e4.34.0-win32.win32.x86_64\sts-4.27.0.RELEASE\plugins\org.eclipse.m2e.maven.runtime_3.9.900.20240824-1409\jars\plexus-sec-dispatcher-2.0.jar
2025-04-28 19:49:52,159 [Worker-21: Launching EnzigmaDemo] INFO  o.eclipse.m2e.core.internal.Bundles - 	Entry: D:\Offline_Softwares\AdvJava_Softwares\Windows\spring-tool-suite-4-4.27.0.RELEASE-e4.34.0-win32.win32.x86_64\sts-4.27.0.RELEASE\plugins\org.eclipse.m2e.maven.runtime_3.9.900.20240824-1409\jars\plexus-utils-3.5.1.jar
2025-04-28 19:49:52,159 [Worker-21: Launching EnzigmaDemo] INFO  o.eclipse.m2e.core.internal.Bundles - 	Entry: D:\Offline_Softwares\AdvJava_Softwares\Windows\spring-tool-suite-4-4.27.0.RELEASE-e4.34.0-win32.win32.x86_64\sts-4.27.0.RELEASE\plugins\org.eclipse.m2e.maven.runtime_3.9.900.20240824-1409\jars\plexus-xml-3.0.1.jar
2025-04-28 19:49:52,159 [Worker-21: Launching EnzigmaDemo] INFO  o.eclipse.m2e.core.internal.Bundles - 	Entry: D:\Offline_Softwares\AdvJava_Softwares\Windows\spring-tool-suite-4-4.27.0.RELEASE-e4.34.0-win32.win32.x86_64\sts-4.27.0.RELEASE\plugins\org.eclipse.m2e.maven.runtime_3.9.900.20240824-1409\jars\wagon-file-3.5.3.jar
2025-04-28 19:49:52,159 [Worker-21: Launching EnzigmaDemo] INFO  o.eclipse.m2e.core.internal.Bundles - 	Entry: D:\Offline_Softwares\AdvJava_Softwares\Windows\spring-tool-suite-4-4.27.0.RELEASE-e4.34.0-win32.win32.x86_64\sts-4.27.0.RELEASE\plugins\org.eclipse.m2e.maven.runtime_3.9.900.20240824-1409\jars\wagon-http-3.5.3.jar
2025-04-28 19:49:52,159 [Worker-21: Launching EnzigmaDemo] INFO  o.eclipse.m2e.core.internal.Bundles - 	Entry: D:\Offline_Softwares\AdvJava_Softwares\Windows\spring-tool-suite-4-4.27.0.RELEASE-e4.34.0-win32.win32.x86_64\sts-4.27.0.RELEASE\plugins\org.eclipse.m2e.maven.runtime_3.9.900.20240824-1409\jars\wagon-http-shared-3.5.3.jar
2025-04-28 19:49:52,160 [Worker-21: Launching EnzigmaDemo] INFO  o.eclipse.m2e.core.internal.Bundles - 	Entry: D:\Offline_Softwares\AdvJava_Softwares\Windows\spring-tool-suite-4-4.27.0.RELEASE-e4.34.0-win32.win32.x86_64\sts-4.27.0.RELEASE\plugins\org.eclipse.m2e.maven.runtime_3.9.900.20240824-1409\jars\wagon-provider-api-3.5.3.jar
2025-04-28 19:49:52,161 [Worker-21: Launching EnzigmaDemo] INFO  o.eclipse.m2e.core.internal.Bundles - getClasspathEntries(Bundle=com.google.guava_33.3.1.jre [29])
2025-04-28 19:49:52,162 [Worker-21: Launching EnzigmaDemo] INFO  o.eclipse.m2e.core.internal.Bundles - 	Entry: D:\Offline_Softwares\AdvJava_Softwares\Windows\spring-tool-suite-4-4.27.0.RELEASE-e4.34.0-win32.win32.x86_64\sts-4.27.0.RELEASE\plugins\com.google.guava_33.3.1.jre.jar
2025-04-28 19:49:52,162 [Worker-21: Launching EnzigmaDemo] INFO  o.eclipse.m2e.core.internal.Bundles - getClasspathEntries(Bundle=slf4j.api_2.0.16 [615])
2025-04-28 19:49:52,162 [Worker-21: Launching EnzigmaDemo] INFO  o.eclipse.m2e.core.internal.Bundles - 	Entry: D:\Offline_Softwares\AdvJava_Softwares\Windows\spring-tool-suite-4-4.27.0.RELEASE-e4.34.0-win32.win32.x86_64\sts-4.27.0.RELEASE\plugins\slf4j.api_2.0.16.jar
2025-04-28 19:49:52,162 [Worker-21: Launching EnzigmaDemo] INFO  o.eclipse.m2e.core.internal.Bundles - getClasspathEntries(Bundle=jakarta.inject.jakarta.inject-api_1.0.5 [45])
2025-04-28 19:49:52,163 [Worker-21: Launching EnzigmaDemo] INFO  o.eclipse.m2e.core.internal.Bundles - 	Entry: D:\Offline_Softwares\AdvJava_Softwares\Windows\spring-tool-suite-4-4.27.0.RELEASE-e4.34.0-win32.win32.x86_64\sts-4.27.0.RELEASE\plugins\jakarta.inject.jakarta.inject-api_1.0.5.jar
2025-04-28 19:49:52,163 [Worker-21: Launching EnzigmaDemo] INFO  o.eclipse.m2e.core.internal.Bundles - getClasspathEntries(Bundle=jakarta.annotation-api_1.3.5 [41])
2025-04-28 19:49:52,164 [Worker-21: Launching EnzigmaDemo] INFO  o.eclipse.m2e.core.internal.Bundles - 	Entry: D:\Offline_Softwares\AdvJava_Softwares\Windows\spring-tool-suite-4-4.27.0.RELEASE-e4.34.0-win32.win32.x86_64\sts-4.27.0.RELEASE\plugins\jakarta.annotation-api_1.3.5.jar
2025-04-28 19:49:52,164 [Worker-21: Launching EnzigmaDemo] INFO  o.eclipse.m2e.core.internal.Bundles - getClasspathEntries(Bundle=org.apache.commons.cli_1.9.0 [78])
2025-04-28 19:49:52,164 [Worker-21: Launching EnzigmaDemo] INFO  o.eclipse.m2e.core.internal.Bundles - 	Entry: D:\Offline_Softwares\AdvJava_Softwares\Windows\spring-tool-suite-4-4.27.0.RELEASE-e4.34.0-win32.win32.x86_64\sts-4.27.0.RELEASE\plugins\org.apache.commons.cli_1.9.0.jar
2025-04-28 19:49:52,164 [Worker-21: Launching EnzigmaDemo] INFO  o.eclipse.m2e.core.internal.Bundles - getClasspathEntries(Bundle=org.apache.commons.commons-codec_1.16.0 [81])
2025-04-28 19:49:52,165 [Worker-21: Launching EnzigmaDemo] INFO  o.eclipse.m2e.core.internal.Bundles - 	Entry: D:\Offline_Softwares\AdvJava_Softwares\Windows\spring-tool-suite-4-4.27.0.RELEASE-e4.34.0-win32.win32.x86_64\sts-4.27.0.RELEASE\plugins\org.apache.commons.commons-codec_1.16.0.jar
2025-04-28 19:49:52,165 [Worker-21: Launching EnzigmaDemo] INFO  o.eclipse.m2e.core.internal.Bundles - getClasspathEntries(Bundle=com.google.guava.failureaccess_1.0.2 [30])
2025-04-28 19:49:52,166 [Worker-21: Launching EnzigmaDemo] INFO  o.eclipse.m2e.core.internal.Bundles - 	Entry: D:\Offline_Softwares\AdvJava_Softwares\Windows\spring-tool-suite-4-4.27.0.RELEASE-e4.34.0-win32.win32.x86_64\sts-4.27.0.RELEASE\plugins\com.google.guava.failureaccess_1.0.2.jar
2025-04-28 19:49:52,172 [Worker-21: Launching EnzigmaDemo] INFO  o.e.m.i.launch.MavenLaunchDelegate - Run build in "C:\Users\admin\Desktop\New folder (5)\Backend\EnzigmaDemo":
2025-04-28 19:49:52,309 [Worker-21: Launching EnzigmaDemo] INFO  o.e.m.i.launch.MavenLaunchDelegate -  mvn  -Ppom.xml -B -Dstyle.color=always clean compile
2025-04-28 19:49:52,336 [Worker-29: Building] INFO  o.a.m.s.f.DefaultMavenResourcesFiltering - Copying 1 resource from src\main\resources to target\classes
2025-04-28 19:49:52,341 [Worker-29: Building] INFO  o.a.m.s.f.DefaultMavenResourcesFiltering - Copying 0 resource from src\main\resources to target\classes
2025-04-28 19:49:52,343 [Worker-29: Building] INFO  o.a.m.s.f.DefaultMavenResourcesFiltering - skip non existing resourceDirectory C:\Users\admin\Desktop\New folder (5)\Backend\EnzigmaDemo\src\test\resources
2025-04-28 19:50:47,899 [Worker-30: Building] INFO  o.a.m.s.f.DefaultMavenResourcesFiltering - Copying 1 resource from src\main\resources to target\classes
2025-04-28 19:50:47,910 [Worker-30: Building] INFO  o.a.m.s.f.DefaultMavenResourcesFiltering - Copying 0 resource from src\main\resources to target\classes
2025-04-28 19:50:47,912 [Worker-30: Building] INFO  o.a.m.s.f.DefaultMavenResourcesFiltering - skip non existing resourceDirectory C:\Users\admin\Desktop\New folder (5)\Backend\EnzigmaDemo\src\test\resources
2025-04-28 19:52:23,070 [Worker-25: Building] INFO  o.a.m.s.f.DefaultMavenResourcesFiltering - Copying 1 resource from src\main\resources to target\classes
2025-04-28 19:52:23,074 [Worker-25: Building] INFO  o.a.m.s.f.DefaultMavenResourcesFiltering - Copying 0 resource from src\main\resources to target\classes
2025-04-28 19:52:23,077 [Worker-25: Building] INFO  o.a.m.s.f.DefaultMavenResourcesFiltering - skip non existing resourceDirectory C:\Users\admin\Desktop\New folder (5)\Backend\EnzigmaDemo\src\test\resources
2025-04-28 19:52:30,644 [Worker-30: Building] INFO  o.a.m.s.f.DefaultMavenResourcesFiltering - Copying 1 resource from src\main\resources to target\classes
2025-04-28 19:52:30,647 [Worker-30: Building] INFO  o.a.m.s.f.DefaultMavenResourcesFiltering - Copying 0 resource from src\main\resources to target\classes
2025-04-28 19:52:30,649 [Worker-30: Building] INFO  o.a.m.s.f.DefaultMavenResourcesFiltering - skip non existing resourceDirectory C:\Users\admin\Desktop\New folder (5)\Backend\EnzigmaDemo\src\test\resources
2025-04-28 19:52:38,663 [main] INFO  o.e.m2e.actions.ExecutePomAction - Creating new launch configuration
2025-04-28 19:52:46,152 [Worker-31: Launching EnzigmaDemo (1)] INFO  o.eclipse.m2e.core.internal.Bundles - getClasspathEntries(Bundle=org.eclipse.m2e.maven.runtime_3.9.900.20240824-1409 [364])
2025-04-28 19:52:46,152 [Worker-31: Launching EnzigmaDemo (1)] INFO  o.eclipse.m2e.core.internal.Bundles - 	Entry: D:\Offline_Softwares\AdvJava_Softwares\Windows\spring-tool-suite-4-4.27.0.RELEASE-e4.34.0-win32.win32.x86_64\sts-4.27.0.RELEASE\plugins\org.eclipse.m2e.maven.runtime_3.9.900.20240824-1409
2025-04-28 19:52:46,152 [Worker-31: Launching EnzigmaDemo (1)] INFO  o.eclipse.m2e.core.internal.Bundles - 	Entry: D:\Offline_Softwares\AdvJava_Softwares\Windows\spring-tool-suite-4-4.27.0.RELEASE-e4.34.0-win32.win32.x86_64\sts-4.27.0.RELEASE\plugins\org.eclipse.m2e.maven.runtime_3.9.900.20240824-1409\jars\aopalliance-1.0.jar
2025-04-28 19:52:46,153 [Worker-31: Launching EnzigmaDemo (1)] INFO  o.eclipse.m2e.core.internal.Bundles - 	Entry: D:\Offline_Softwares\AdvJava_Softwares\Windows\spring-tool-suite-4-4.27.0.RELEASE-e4.34.0-win32.win32.x86_64\sts-4.27.0.RELEASE\plugins\org.eclipse.m2e.maven.runtime_3.9.900.20240824-1409\jars\guice-5.1.0.jar
2025-04-28 19:52:46,153 [Worker-31: Launching EnzigmaDemo (1)] INFO  o.eclipse.m2e.core.internal.Bundles - 	Entry: D:\Offline_Softwares\AdvJava_Softwares\Windows\spring-tool-suite-4-4.27.0.RELEASE-e4.34.0-win32.win32.x86_64\sts-4.27.0.RELEASE\plugins\org.eclipse.m2e.maven.runtime_3.9.900.20240824-1409\jars\httpclient-4.5.14.jar
2025-04-28 19:52:46,153 [Worker-31: Launching EnzigmaDemo (1)] INFO  o.eclipse.m2e.core.internal.Bundles - 	Entry: D:\Offline_Softwares\AdvJava_Softwares\Windows\spring-tool-suite-4-4.27.0.RELEASE-e4.34.0-win32.win32.x86_64\sts-4.27.0.RELEASE\plugins\org.eclipse.m2e.maven.runtime_3.9.900.20240824-1409\jars\httpcore-4.4.16.jar
2025-04-28 19:52:46,153 [Worker-31: Launching EnzigmaDemo (1)] INFO  o.eclipse.m2e.core.internal.Bundles - 	Entry: D:\Offline_Softwares\AdvJava_Softwares\Windows\spring-tool-suite-4-4.27.0.RELEASE-e4.34.0-win32.win32.x86_64\sts-4.27.0.RELEASE\plugins\org.eclipse.m2e.maven.runtime_3.9.900.20240824-1409\jars\jansi-2.4.1.jar
2025-04-28 19:52:46,153 [Worker-31: Launching EnzigmaDemo (1)] INFO  o.eclipse.m2e.core.internal.Bundles - 	Entry: D:\Offline_Softwares\AdvJava_Softwares\Windows\spring-tool-suite-4-4.27.0.RELEASE-e4.34.0-win32.win32.x86_64\sts-4.27.0.RELEASE\plugins\org.eclipse.m2e.maven.runtime_3.9.900.20240824-1409\jars\jcl-over-slf4j-1.7.36.jar
2025-04-28 19:52:46,153 [Worker-31: Launching EnzigmaDemo (1)] INFO  o.eclipse.m2e.core.internal.Bundles - 	Entry: D:\Offline_Softwares\AdvJava_Softwares\Windows\spring-tool-suite-4-4.27.0.RELEASE-e4.34.0-win32.win32.x86_64\sts-4.27.0.RELEASE\plugins\org.eclipse.m2e.maven.runtime_3.9.900.20240824-1409\jars\maven-artifact-3.9.9.jar
2025-04-28 19:52:46,153 [Worker-31: Launching EnzigmaDemo (1)] INFO  o.eclipse.m2e.core.internal.Bundles - 	Entry: D:\Offline_Softwares\AdvJava_Softwares\Windows\spring-tool-suite-4-4.27.0.RELEASE-e4.34.0-win32.win32.x86_64\sts-4.27.0.RELEASE\plugins\org.eclipse.m2e.maven.runtime_3.9.900.20240824-1409\jars\maven-builder-support-3.9.9.jar
2025-04-28 19:52:46,153 [Worker-31: Launching EnzigmaDemo (1)] INFO  o.eclipse.m2e.core.internal.Bundles - 	Entry: D:\Offline_Softwares\AdvJava_Softwares\Windows\spring-tool-suite-4-4.27.0.RELEASE-e4.34.0-win32.win32.x86_64\sts-4.27.0.RELEASE\plugins\org.eclipse.m2e.maven.runtime_3.9.900.20240824-1409\jars\maven-compat-3.9.9.jar
2025-04-28 19:52:46,153 [Worker-31: Launching EnzigmaDemo (1)] INFO  o.eclipse.m2e.core.internal.Bundles - 	Entry: D:\Offline_Softwares\AdvJava_Softwares\Windows\spring-tool-suite-4-4.27.0.RELEASE-e4.34.0-win32.win32.x86_64\sts-4.27.0.RELEASE\plugins\org.eclipse.m2e.maven.runtime_3.9.900.20240824-1409\jars\maven-core-3.9.9.jar
2025-04-28 19:52:46,153 [Worker-31: Launching EnzigmaDemo (1)] INFO  o.eclipse.m2e.core.internal.Bundles - 	Entry: D:\Offline_Softwares\AdvJava_Softwares\Windows\spring-tool-suite-4-4.27.0.RELEASE-e4.34.0-win32.win32.x86_64\sts-4.27.0.RELEASE\plugins\org.eclipse.m2e.maven.runtime_3.9.900.20240824-1409\jars\maven-embedder-3.9.9.jar
2025-04-28 19:52:46,153 [Worker-31: Launching EnzigmaDemo (1)] INFO  o.eclipse.m2e.core.internal.Bundles - 	Entry: D:\Offline_Softwares\AdvJava_Softwares\Windows\spring-tool-suite-4-4.27.0.RELEASE-e4.34.0-win32.win32.x86_64\sts-4.27.0.RELEASE\plugins\org.eclipse.m2e.maven.runtime_3.9.900.20240824-1409\jars\maven-model-3.9.9.jar
2025-04-28 19:52:46,153 [Worker-31: Launching EnzigmaDemo (1)] INFO  o.eclipse.m2e.core.internal.Bundles - 	Entry: D:\Offline_Softwares\AdvJava_Softwares\Windows\spring-tool-suite-4-4.27.0.RELEASE-e4.34.0-win32.win32.x86_64\sts-4.27.0.RELEASE\plugins\org.eclipse.m2e.maven.runtime_3.9.900.20240824-1409\jars\maven-model-builder-3.9.9.jar
2025-04-28 19:52:46,153 [Worker-31: Launching EnzigmaDemo (1)] INFO  o.eclipse.m2e.core.internal.Bundles - 	Entry: D:\Offline_Softwares\AdvJava_Softwares\Windows\spring-tool-suite-4-4.27.0.RELEASE-e4.34.0-win32.win32.x86_64\sts-4.27.0.RELEASE\plugins\org.eclipse.m2e.maven.runtime_3.9.900.20240824-1409\jars\maven-plugin-api-3.9.9.jar
2025-04-28 19:52:46,153 [Worker-31: Launching EnzigmaDemo (1)] INFO  o.eclipse.m2e.core.internal.Bundles - 	Entry: D:\Offline_Softwares\AdvJava_Softwares\Windows\spring-tool-suite-4-4.27.0.RELEASE-e4.34.0-win32.win32.x86_64\sts-4.27.0.RELEASE\plugins\org.eclipse.m2e.maven.runtime_3.9.900.20240824-1409\jars\maven-repository-metadata-3.9.9.jar
2025-04-28 19:52:46,153 [Worker-31: Launching EnzigmaDemo (1)] INFO  o.eclipse.m2e.core.internal.Bundles - 	Entry: D:\Offline_Softwares\AdvJava_Softwares\Windows\spring-tool-suite-4-4.27.0.RELEASE-e4.34.0-win32.win32.x86_64\sts-4.27.0.RELEASE\plugins\org.eclipse.m2e.maven.runtime_3.9.900.20240824-1409\jars\maven-resolver-api-1.9.22.jar
2025-04-28 19:52:46,153 [Worker-31: Launching EnzigmaDemo (1)] INFO  o.eclipse.m2e.core.internal.Bundles - 	Entry: D:\Offline_Softwares\AdvJava_Softwares\Windows\spring-tool-suite-4-4.27.0.RELEASE-e4.34.0-win32.win32.x86_64\sts-4.27.0.RELEASE\plugins\org.eclipse.m2e.maven.runtime_3.9.900.20240824-1409\jars\maven-resolver-connector-basic-1.9.22.jar
2025-04-28 19:52:46,153 [Worker-31: Launching EnzigmaDemo (1)] INFO  o.eclipse.m2e.core.internal.Bundles - 	Entry: D:\Offline_Softwares\AdvJava_Softwares\Windows\spring-tool-suite-4-4.27.0.RELEASE-e4.34.0-win32.win32.x86_64\sts-4.27.0.RELEASE\plugins\org.eclipse.m2e.maven.runtime_3.9.900.20240824-1409\jars\maven-resolver-impl-1.9.22.jar
2025-04-28 19:52:46,153 [Worker-31: Launching EnzigmaDemo (1)] INFO  o.eclipse.m2e.core.internal.Bundles - 	Entry: D:\Offline_Softwares\AdvJava_Softwares\Windows\spring-tool-suite-4-4.27.0.RELEASE-e4.34.0-win32.win32.x86_64\sts-4.27.0.RELEASE\plugins\org.eclipse.m2e.maven.runtime_3.9.900.20240824-1409\jars\maven-resolver-named-locks-1.9.22.jar
2025-04-28 19:52:46,153 [Worker-31: Launching EnzigmaDemo (1)] INFO  o.eclipse.m2e.core.internal.Bundles - 	Entry: D:\Offline_Softwares\AdvJava_Softwares\Windows\spring-tool-suite-4-4.27.0.RELEASE-e4.34.0-win32.win32.x86_64\sts-4.27.0.RELEASE\plugins\org.eclipse.m2e.maven.runtime_3.9.900.20240824-1409\jars\maven-resolver-provider-3.9.9.jar
2025-04-28 19:52:46,153 [Worker-31: Launching EnzigmaDemo (1)] INFO  o.eclipse.m2e.core.internal.Bundles - 	Entry: D:\Offline_Softwares\AdvJava_Softwares\Windows\spring-tool-suite-4-4.27.0.RELEASE-e4.34.0-win32.win32.x86_64\sts-4.27.0.RELEASE\plugins\org.eclipse.m2e.maven.runtime_3.9.900.20240824-1409\jars\maven-resolver-spi-1.9.22.jar
2025-04-28 19:52:46,154 [Worker-31: Launching EnzigmaDemo (1)] INFO  o.eclipse.m2e.core.internal.Bundles - 	Entry: D:\Offline_Softwares\AdvJava_Softwares\Windows\spring-tool-suite-4-4.27.0.RELEASE-e4.34.0-win32.win32.x86_64\sts-4.27.0.RELEASE\plugins\org.eclipse.m2e.maven.runtime_3.9.900.20240824-1409\jars\maven-resolver-transport-file-1.9.22.jar
2025-04-28 19:52:46,154 [Worker-31: Launching EnzigmaDemo (1)] INFO  o.eclipse.m2e.core.internal.Bundles - 	Entry: D:\Offline_Softwares\AdvJava_Softwares\Windows\spring-tool-suite-4-4.27.0.RELEASE-e4.34.0-win32.win32.x86_64\sts-4.27.0.RELEASE\plugins\org.eclipse.m2e.maven.runtime_3.9.900.20240824-1409\jars\maven-resolver-transport-http-1.9.22.jar
2025-04-28 19:52:46,154 [Worker-31: Launching EnzigmaDemo (1)] INFO  o.eclipse.m2e.core.internal.Bundles - 	Entry: D:\Offline_Softwares\AdvJava_Softwares\Windows\spring-tool-suite-4-4.27.0.RELEASE-e4.34.0-win32.win32.x86_64\sts-4.27.0.RELEASE\plugins\org.eclipse.m2e.maven.runtime_3.9.900.20240824-1409\jars\maven-resolver-transport-wagon-1.9.22.jar
2025-04-28 19:52:46,154 [Worker-31: Launching EnzigmaDemo (1)] INFO  o.eclipse.m2e.core.internal.Bundles - 	Entry: D:\Offline_Softwares\AdvJava_Softwares\Windows\spring-tool-suite-4-4.27.0.RELEASE-e4.34.0-win32.win32.x86_64\sts-4.27.0.RELEASE\plugins\org.eclipse.m2e.maven.runtime_3.9.900.20240824-1409\jars\maven-resolver-util-1.9.22.jar
2025-04-28 19:52:46,154 [Worker-31: Launching EnzigmaDemo (1)] INFO  o.eclipse.m2e.core.internal.Bundles - 	Entry: D:\Offline_Softwares\AdvJava_Softwares\Windows\spring-tool-suite-4-4.27.0.RELEASE-e4.34.0-win32.win32.x86_64\sts-4.27.0.RELEASE\plugins\org.eclipse.m2e.maven.runtime_3.9.900.20240824-1409\jars\maven-settings-3.9.9.jar
2025-04-28 19:52:46,154 [Worker-31: Launching EnzigmaDemo (1)] INFO  o.eclipse.m2e.core.internal.Bundles - 	Entry: D:\Offline_Softwares\AdvJava_Softwares\Windows\spring-tool-suite-4-4.27.0.RELEASE-e4.34.0-win32.win32.x86_64\sts-4.27.0.RELEASE\plugins\org.eclipse.m2e.maven.runtime_3.9.900.20240824-1409\jars\maven-settings-builder-3.9.9.jar
2025-04-28 19:52:46,154 [Worker-31: Launching EnzigmaDemo (1)] INFO  o.eclipse.m2e.core.internal.Bundles - 	Entry: D:\Offline_Softwares\AdvJava_Softwares\Windows\spring-tool-suite-4-4.27.0.RELEASE-e4.34.0-win32.win32.x86_64\sts-4.27.0.RELEASE\plugins\org.eclipse.m2e.maven.runtime_3.9.900.20240824-1409\jars\maven-shared-utils-3.4.2.jar
2025-04-28 19:52:46,154 [Worker-31: Launching EnzigmaDemo (1)] INFO  o.eclipse.m2e.core.internal.Bundles - 	Entry: D:\Offline_Softwares\AdvJava_Softwares\Windows\spring-tool-suite-4-4.27.0.RELEASE-e4.34.0-win32.win32.x86_64\sts-4.27.0.RELEASE\plugins\org.eclipse.m2e.maven.runtime_3.9.900.20240824-1409\jars\org.eclipse.sisu.inject-0.9.0.M3.jar
2025-04-28 19:52:46,154 [Worker-31: Launching EnzigmaDemo (1)] INFO  o.eclipse.m2e.core.internal.Bundles - 	Entry: D:\Offline_Softwares\AdvJava_Softwares\Windows\spring-tool-suite-4-4.27.0.RELEASE-e4.34.0-win32.win32.x86_64\sts-4.27.0.RELEASE\plugins\org.eclipse.m2e.maven.runtime_3.9.900.20240824-1409\jars\org.eclipse.sisu.plexus-0.9.0.M3.jar
2025-04-28 19:52:46,154 [Worker-31: Launching EnzigmaDemo (1)] INFO  o.eclipse.m2e.core.internal.Bundles - 	Entry: D:\Offline_Softwares\AdvJava_Softwares\Windows\spring-tool-suite-4-4.27.0.RELEASE-e4.34.0-win32.win32.x86_64\sts-4.27.0.RELEASE\plugins\org.eclipse.m2e.maven.runtime_3.9.900.20240824-1409\jars\plexus-build-api-0.0.7.jar
2025-04-28 19:52:46,154 [Worker-31: Launching EnzigmaDemo (1)] INFO  o.eclipse.m2e.core.internal.Bundles - 	Entry: D:\Offline_Softwares\AdvJava_Softwares\Windows\spring-tool-suite-4-4.27.0.RELEASE-e4.34.0-win32.win32.x86_64\sts-4.27.0.RELEASE\plugins\org.eclipse.m2e.maven.runtime_3.9.900.20240824-1409\jars\plexus-build-api-1.2.0.jar
2025-04-28 19:52:46,154 [Worker-31: Launching EnzigmaDemo (1)] INFO  o.eclipse.m2e.core.internal.Bundles - 	Entry: D:\Offline_Softwares\AdvJava_Softwares\Windows\spring-tool-suite-4-4.27.0.RELEASE-e4.34.0-win32.win32.x86_64\sts-4.27.0.RELEASE\plugins\org.eclipse.m2e.maven.runtime_3.9.900.20240824-1409\jars\plexus-cipher-2.0.jar
2025-04-28 19:52:46,154 [Worker-31: Launching EnzigmaDemo (1)] INFO  o.eclipse.m2e.core.internal.Bundles - 	Entry: D:\Offline_Softwares\AdvJava_Softwares\Windows\spring-tool-suite-4-4.27.0.RELEASE-e4.34.0-win32.win32.x86_64\sts-4.27.0.RELEASE\plugins\org.eclipse.m2e.maven.runtime_3.9.900.20240824-1409\jars\plexus-classworlds-2.8.0.jar
2025-04-28 19:52:46,154 [Worker-31: Launching EnzigmaDemo (1)] INFO  o.eclipse.m2e.core.internal.Bundles - 	Entry: D:\Offline_Softwares\AdvJava_Softwares\Windows\spring-tool-suite-4-4.27.0.RELEASE-e4.34.0-win32.win32.x86_64\sts-4.27.0.RELEASE\plugins\org.eclipse.m2e.maven.runtime_3.9.900.20240824-1409\jars\plexus-component-annotations-2.1.0.jar
2025-04-28 19:52:46,154 [Worker-31: Launching EnzigmaDemo (1)] INFO  o.eclipse.m2e.core.internal.Bundles - 	Entry: D:\Offline_Softwares\AdvJava_Softwares\Windows\spring-tool-suite-4-4.27.0.RELEASE-e4.34.0-win32.win32.x86_64\sts-4.27.0.RELEASE\plugins\org.eclipse.m2e.maven.runtime_3.9.900.20240824-1409\jars\plexus-interpolation-1.27.jar
2025-04-28 19:52:46,154 [Worker-31: Launching EnzigmaDemo (1)] INFO  o.eclipse.m2e.core.internal.Bundles - 	Entry: D:\Offline_Softwares\AdvJava_Softwares\Windows\spring-tool-suite-4-4.27.0.RELEASE-e4.34.0-win32.win32.x86_64\sts-4.27.0.RELEASE\plugins\org.eclipse.m2e.maven.runtime_3.9.900.20240824-1409\jars\plexus-sec-dispatcher-2.0.jar
2025-04-28 19:52:46,154 [Worker-31: Launching EnzigmaDemo (1)] INFO  o.eclipse.m2e.core.internal.Bundles - 	Entry: D:\Offline_Softwares\AdvJava_Softwares\Windows\spring-tool-suite-4-4.27.0.RELEASE-e4.34.0-win32.win32.x86_64\sts-4.27.0.RELEASE\plugins\org.eclipse.m2e.maven.runtime_3.9.900.20240824-1409\jars\plexus-utils-3.5.1.jar
2025-04-28 19:52:46,154 [Worker-31: Launching EnzigmaDemo (1)] INFO  o.eclipse.m2e.core.internal.Bundles - 	Entry: D:\Offline_Softwares\AdvJava_Softwares\Windows\spring-tool-suite-4-4.27.0.RELEASE-e4.34.0-win32.win32.x86_64\sts-4.27.0.RELEASE\plugins\org.eclipse.m2e.maven.runtime_3.9.900.20240824-1409\jars\plexus-xml-3.0.1.jar
2025-04-28 19:52:46,154 [Worker-31: Launching EnzigmaDemo (1)] INFO  o.eclipse.m2e.core.internal.Bundles - 	Entry: D:\Offline_Softwares\AdvJava_Softwares\Windows\spring-tool-suite-4-4.27.0.RELEASE-e4.34.0-win32.win32.x86_64\sts-4.27.0.RELEASE\plugins\org.eclipse.m2e.maven.runtime_3.9.900.20240824-1409\jars\wagon-file-3.5.3.jar
2025-04-28 19:52:46,154 [Worker-31: Launching EnzigmaDemo (1)] INFO  o.eclipse.m2e.core.internal.Bundles - 	Entry: D:\Offline_Softwares\AdvJava_Softwares\Windows\spring-tool-suite-4-4.27.0.RELEASE-e4.34.0-win32.win32.x86_64\sts-4.27.0.RELEASE\plugins\org.eclipse.m2e.maven.runtime_3.9.900.20240824-1409\jars\wagon-http-3.5.3.jar
2025-04-28 19:52:46,155 [Worker-31: Launching EnzigmaDemo (1)] INFO  o.eclipse.m2e.core.internal.Bundles - 	Entry: D:\Offline_Softwares\AdvJava_Softwares\Windows\spring-tool-suite-4-4.27.0.RELEASE-e4.34.0-win32.win32.x86_64\sts-4.27.0.RELEASE\plugins\org.eclipse.m2e.maven.runtime_3.9.900.20240824-1409\jars\wagon-http-shared-3.5.3.jar
2025-04-28 19:52:46,155 [Worker-31: Launching EnzigmaDemo (1)] INFO  o.eclipse.m2e.core.internal.Bundles - 	Entry: D:\Offline_Softwares\AdvJava_Softwares\Windows\spring-tool-suite-4-4.27.0.RELEASE-e4.34.0-win32.win32.x86_64\sts-4.27.0.RELEASE\plugins\org.eclipse.m2e.maven.runtime_3.9.900.20240824-1409\jars\wagon-provider-api-3.5.3.jar
2025-04-28 19:52:46,155 [Worker-31: Launching EnzigmaDemo (1)] INFO  o.eclipse.m2e.core.internal.Bundles - getClasspathEntries(Bundle=com.google.guava_33.3.1.jre [29])
2025-04-28 19:52:46,155 [Worker-31: Launching EnzigmaDemo (1)] INFO  o.eclipse.m2e.core.internal.Bundles - 	Entry: D:\Offline_Softwares\AdvJava_Softwares\Windows\spring-tool-suite-4-4.27.0.RELEASE-e4.34.0-win32.win32.x86_64\sts-4.27.0.RELEASE\plugins\com.google.guava_33.3.1.jre.jar
2025-04-28 19:52:46,155 [Worker-31: Launching EnzigmaDemo (1)] INFO  o.eclipse.m2e.core.internal.Bundles - getClasspathEntries(Bundle=slf4j.api_2.0.16 [615])
2025-04-28 19:52:46,155 [Worker-31: Launching EnzigmaDemo (1)] INFO  o.eclipse.m2e.core.internal.Bundles - 	Entry: D:\Offline_Softwares\AdvJava_Softwares\Windows\spring-tool-suite-4-4.27.0.RELEASE-e4.34.0-win32.win32.x86_64\sts-4.27.0.RELEASE\plugins\slf4j.api_2.0.16.jar
2025-04-28 19:52:46,155 [Worker-31: Launching EnzigmaDemo (1)] INFO  o.eclipse.m2e.core.internal.Bundles - getClasspathEntries(Bundle=jakarta.inject.jakarta.inject-api_1.0.5 [45])
2025-04-28 19:52:46,156 [Worker-31: Launching EnzigmaDemo (1)] INFO  o.eclipse.m2e.core.internal.Bundles - 	Entry: D:\Offline_Softwares\AdvJava_Softwares\Windows\spring-tool-suite-4-4.27.0.RELEASE-e4.34.0-win32.win32.x86_64\sts-4.27.0.RELEASE\plugins\jakarta.inject.jakarta.inject-api_1.0.5.jar
2025-04-28 19:52:46,156 [Worker-31: Launching EnzigmaDemo (1)] INFO  o.eclipse.m2e.core.internal.Bundles - getClasspathEntries(Bundle=jakarta.annotation-api_1.3.5 [41])
2025-04-28 19:52:46,156 [Worker-31: Launching EnzigmaDemo (1)] INFO  o.eclipse.m2e.core.internal.Bundles - 	Entry: D:\Offline_Softwares\AdvJava_Softwares\Windows\spring-tool-suite-4-4.27.0.RELEASE-e4.34.0-win32.win32.x86_64\sts-4.27.0.RELEASE\plugins\jakarta.annotation-api_1.3.5.jar
2025-04-28 19:52:46,156 [Worker-31: Launching EnzigmaDemo (1)] INFO  o.eclipse.m2e.core.internal.Bundles - getClasspathEntries(Bundle=org.apache.commons.cli_1.9.0 [78])
2025-04-28 19:52:46,156 [Worker-31: Launching EnzigmaDemo (1)] INFO  o.eclipse.m2e.core.internal.Bundles - 	Entry: D:\Offline_Softwares\AdvJava_Softwares\Windows\spring-tool-suite-4-4.27.0.RELEASE-e4.34.0-win32.win32.x86_64\sts-4.27.0.RELEASE\plugins\org.apache.commons.cli_1.9.0.jar
2025-04-28 19:52:46,156 [Worker-31: Launching EnzigmaDemo (1)] INFO  o.eclipse.m2e.core.internal.Bundles - getClasspathEntries(Bundle=org.apache.commons.commons-codec_1.16.0 [81])
2025-04-28 19:52:46,156 [Worker-31: Launching EnzigmaDemo (1)] INFO  o.eclipse.m2e.core.internal.Bundles - 	Entry: D:\Offline_Softwares\AdvJava_Softwares\Windows\spring-tool-suite-4-4.27.0.RELEASE-e4.34.0-win32.win32.x86_64\sts-4.27.0.RELEASE\plugins\org.apache.commons.commons-codec_1.16.0.jar
2025-04-28 19:52:46,156 [Worker-31: Launching EnzigmaDemo (1)] INFO  o.eclipse.m2e.core.internal.Bundles - getClasspathEntries(Bundle=com.google.guava.failureaccess_1.0.2 [30])
2025-04-28 19:52:46,157 [Worker-31: Launching EnzigmaDemo (1)] INFO  o.eclipse.m2e.core.internal.Bundles - 	Entry: D:\Offline_Softwares\AdvJava_Softwares\Windows\spring-tool-suite-4-4.27.0.RELEASE-e4.34.0-win32.win32.x86_64\sts-4.27.0.RELEASE\plugins\com.google.guava.failureaccess_1.0.2.jar
2025-04-28 19:52:46,159 [Worker-31: Launching EnzigmaDemo (1)] INFO  o.e.m.i.launch.MavenLaunchDelegate - Run build in "C:\Users\admin\Desktop\New folder (5)\Backend\EnzigmaDemo":
2025-04-28 19:52:46,159 [Worker-31: Launching EnzigmaDemo (1)] INFO  o.e.m.i.launch.MavenLaunchDelegate -  mvn  -Ppom.xml -B -Dstyle.color=always clean compile
2025-04-28 20:00:21,488 [Worker-28: Building] INFO  o.a.m.s.f.DefaultMavenResourcesFiltering - Copying 1 resource from src\main\resources to target\classes
2025-04-28 20:00:21,496 [Worker-28: Building] INFO  o.a.m.s.f.DefaultMavenResourcesFiltering - Copying 0 resource from src\main\resources to target\classes
2025-04-28 20:00:21,499 [Worker-28: Building] INFO  o.a.m.s.f.DefaultMavenResourcesFiltering - skip non existing resourceDirectory C:\Users\admin\Desktop\New folder (5)\Backend\EnzigmaDemo\src\test\resources
2025-04-28 20:00:45,149 [main] INFO  o.e.m2e.actions.ExecutePomAction - Creating new launch configuration
2025-04-28 20:00:51,826 [Worker-28: Launching EnzigmaDemo (2)] INFO  o.eclipse.m2e.core.internal.Bundles - getClasspathEntries(Bundle=org.eclipse.m2e.maven.runtime_3.9.900.20240824-1409 [364])
2025-04-28 20:00:51,827 [Worker-28: Launching EnzigmaDemo (2)] INFO  o.eclipse.m2e.core.internal.Bundles - 	Entry: D:\Offline_Softwares\AdvJava_Softwares\Windows\spring-tool-suite-4-4.27.0.RELEASE-e4.34.0-win32.win32.x86_64\sts-4.27.0.RELEASE\plugins\org.eclipse.m2e.maven.runtime_3.9.900.20240824-1409
2025-04-28 20:00:51,827 [Worker-28: Launching EnzigmaDemo (2)] INFO  o.eclipse.m2e.core.internal.Bundles - 	Entry: D:\Offline_Softwares\AdvJava_Softwares\Windows\spring-tool-suite-4-4.27.0.RELEASE-e4.34.0-win32.win32.x86_64\sts-4.27.0.RELEASE\plugins\org.eclipse.m2e.maven.runtime_3.9.900.20240824-1409\jars\aopalliance-1.0.jar
2025-04-28 20:00:51,828 [Worker-28: Launching EnzigmaDemo (2)] INFO  o.eclipse.m2e.core.internal.Bundles - 	Entry: D:\Offline_Softwares\AdvJava_Softwares\Windows\spring-tool-suite-4-4.27.0.RELEASE-e4.34.0-win32.win32.x86_64\sts-4.27.0.RELEASE\plugins\org.eclipse.m2e.maven.runtime_3.9.900.20240824-1409\jars\guice-5.1.0.jar
2025-04-28 20:00:51,828 [Worker-28: Launching EnzigmaDemo (2)] INFO  o.eclipse.m2e.core.internal.Bundles - 	Entry: D:\Offline_Softwares\AdvJava_Softwares\Windows\spring-tool-suite-4-4.27.0.RELEASE-e4.34.0-win32.win32.x86_64\sts-4.27.0.RELEASE\plugins\org.eclipse.m2e.maven.runtime_3.9.900.20240824-1409\jars\httpclient-4.5.14.jar
2025-04-28 20:00:51,828 [Worker-28: Launching EnzigmaDemo (2)] INFO  o.eclipse.m2e.core.internal.Bundles - 	Entry: D:\Offline_Softwares\AdvJava_Softwares\Windows\spring-tool-suite-4-4.27.0.RELEASE-e4.34.0-win32.win32.x86_64\sts-4.27.0.RELEASE\plugins\org.eclipse.m2e.maven.runtime_3.9.900.20240824-1409\jars\httpcore-4.4.16.jar
2025-04-28 20:00:51,828 [Worker-28: Launching EnzigmaDemo (2)] INFO  o.eclipse.m2e.core.internal.Bundles - 	Entry: D:\Offline_Softwares\AdvJava_Softwares\Windows\spring-tool-suite-4-4.27.0.RELEASE-e4.34.0-win32.win32.x86_64\sts-4.27.0.RELEASE\plugins\org.eclipse.m2e.maven.runtime_3.9.900.20240824-1409\jars\jansi-2.4.1.jar
2025-04-28 20:00:51,828 [Worker-28: Launching EnzigmaDemo (2)] INFO  o.eclipse.m2e.core.internal.Bundles - 	Entry: D:\Offline_Softwares\AdvJava_Softwares\Windows\spring-tool-suite-4-4.27.0.RELEASE-e4.34.0-win32.win32.x86_64\sts-4.27.0.RELEASE\plugins\org.eclipse.m2e.maven.runtime_3.9.900.20240824-1409\jars\jcl-over-slf4j-1.7.36.jar
2025-04-28 20:00:51,828 [Worker-28: Launching EnzigmaDemo (2)] INFO  o.eclipse.m2e.core.internal.Bundles - 	Entry: D:\Offline_Softwares\AdvJava_Softwares\Windows\spring-tool-suite-4-4.27.0.RELEASE-e4.34.0-win32.win32.x86_64\sts-4.27.0.RELEASE\plugins\org.eclipse.m2e.maven.runtime_3.9.900.20240824-1409\jars\maven-artifact-3.9.9.jar
2025-04-28 20:00:51,828 [Worker-28: Launching EnzigmaDemo (2)] INFO  o.eclipse.m2e.core.internal.Bundles - 	Entry: D:\Offline_Softwares\AdvJava_Softwares\Windows\spring-tool-suite-4-4.27.0.RELEASE-e4.34.0-win32.win32.x86_64\sts-4.27.0.RELEASE\plugins\org.eclipse.m2e.maven.runtime_3.9.900.20240824-1409\jars\maven-builder-support-3.9.9.jar
2025-04-28 20:00:51,828 [Worker-28: Launching EnzigmaDemo (2)] INFO  o.eclipse.m2e.core.internal.Bundles - 	Entry: D:\Offline_Softwares\AdvJava_Softwares\Windows\spring-tool-suite-4-4.27.0.RELEASE-e4.34.0-win32.win32.x86_64\sts-4.27.0.RELEASE\plugins\org.eclipse.m2e.maven.runtime_3.9.900.20240824-1409\jars\maven-compat-3.9.9.jar
2025-04-28 20:00:51,828 [Worker-28: Launching EnzigmaDemo (2)] INFO  o.eclipse.m2e.core.internal.Bundles - 	Entry: D:\Offline_Softwares\AdvJava_Softwares\Windows\spring-tool-suite-4-4.27.0.RELEASE-e4.34.0-win32.win32.x86_64\sts-4.27.0.RELEASE\plugins\org.eclipse.m2e.maven.runtime_3.9.900.20240824-1409\jars\maven-core-3.9.9.jar
2025-04-28 20:00:51,828 [Worker-28: Launching EnzigmaDemo (2)] INFO  o.eclipse.m2e.core.internal.Bundles - 	Entry: D:\Offline_Softwares\AdvJava_Softwares\Windows\spring-tool-suite-4-4.27.0.RELEASE-e4.34.0-win32.win32.x86_64\sts-4.27.0.RELEASE\plugins\org.eclipse.m2e.maven.runtime_3.9.900.20240824-1409\jars\maven-embedder-3.9.9.jar
2025-04-28 20:00:51,828 [Worker-28: Launching EnzigmaDemo (2)] INFO  o.eclipse.m2e.core.internal.Bundles - 	Entry: D:\Offline_Softwares\AdvJava_Softwares\Windows\spring-tool-suite-4-4.27.0.RELEASE-e4.34.0-win32.win32.x86_64\sts-4.27.0.RELEASE\plugins\org.eclipse.m2e.maven.runtime_3.9.900.20240824-1409\jars\maven-model-3.9.9.jar
2025-04-28 20:00:51,828 [Worker-28: Launching EnzigmaDemo (2)] INFO  o.eclipse.m2e.core.internal.Bundles - 	Entry: D:\Offline_Softwares\AdvJava_Softwares\Windows\spring-tool-suite-4-4.27.0.RELEASE-e4.34.0-win32.win32.x86_64\sts-4.27.0.RELEASE\plugins\org.eclipse.m2e.maven.runtime_3.9.900.20240824-1409\jars\maven-model-builder-3.9.9.jar
2025-04-28 20:00:51,829 [Worker-28: Launching EnzigmaDemo (2)] INFO  o.eclipse.m2e.core.internal.Bundles - 	Entry: D:\Offline_Softwares\AdvJava_Softwares\Windows\spring-tool-suite-4-4.27.0.RELEASE-e4.34.0-win32.win32.x86_64\sts-4.27.0.RELEASE\plugins\org.eclipse.m2e.maven.runtime_3.9.900.20240824-1409\jars\maven-plugin-api-3.9.9.jar
2025-04-28 20:00:51,829 [Worker-28: Launching EnzigmaDemo (2)] INFO  o.eclipse.m2e.core.internal.Bundles - 	Entry: D:\Offline_Softwares\AdvJava_Softwares\Windows\spring-tool-suite-4-4.27.0.RELEASE-e4.34.0-win32.win32.x86_64\sts-4.27.0.RELEASE\plugins\org.eclipse.m2e.maven.runtime_3.9.900.20240824-1409\jars\maven-repository-metadata-3.9.9.jar
2025-04-28 20:00:51,829 [Worker-28: Launching EnzigmaDemo (2)] INFO  o.eclipse.m2e.core.internal.Bundles - 	Entry: D:\Offline_Softwares\AdvJava_Softwares\Windows\spring-tool-suite-4-4.27.0.RELEASE-e4.34.0-win32.win32.x86_64\sts-4.27.0.RELEASE\plugins\org.eclipse.m2e.maven.runtime_3.9.900.20240824-1409\jars\maven-resolver-api-1.9.22.jar
2025-04-28 20:00:51,829 [Worker-28: Launching EnzigmaDemo (2)] INFO  o.eclipse.m2e.core.internal.Bundles - 	Entry: D:\Offline_Softwares\AdvJava_Softwares\Windows\spring-tool-suite-4-4.27.0.RELEASE-e4.34.0-win32.win32.x86_64\sts-4.27.0.RELEASE\plugins\org.eclipse.m2e.maven.runtime_3.9.900.20240824-1409\jars\maven-resolver-connector-basic-1.9.22.jar
2025-04-28 20:00:51,829 [Worker-28: Launching EnzigmaDemo (2)] INFO  o.eclipse.m2e.core.internal.Bundles - 	Entry: D:\Offline_Softwares\AdvJava_Softwares\Windows\spring-tool-suite-4-4.27.0.RELEASE-e4.34.0-win32.win32.x86_64\sts-4.27.0.RELEASE\plugins\org.eclipse.m2e.maven.runtime_3.9.900.20240824-1409\jars\maven-resolver-impl-1.9.22.jar
2025-04-28 20:00:51,829 [Worker-28: Launching EnzigmaDemo (2)] INFO  o.eclipse.m2e.core.internal.Bundles - 	Entry: D:\Offline_Softwares\AdvJava_Softwares\Windows\spring-tool-suite-4-4.27.0.RELEASE-e4.34.0-win32.win32.x86_64\sts-4.27.0.RELEASE\plugins\org.eclipse.m2e.maven.runtime_3.9.900.20240824-1409\jars\maven-resolver-named-locks-1.9.22.jar
2025-04-28 20:00:51,829 [Worker-28: Launching EnzigmaDemo (2)] INFO  o.eclipse.m2e.core.internal.Bundles - 	Entry: D:\Offline_Softwares\AdvJava_Softwares\Windows\spring-tool-suite-4-4.27.0.RELEASE-e4.34.0-win32.win32.x86_64\sts-4.27.0.RELEASE\plugins\org.eclipse.m2e.maven.runtime_3.9.900.20240824-1409\jars\maven-resolver-provider-3.9.9.jar
2025-04-28 20:00:51,829 [Worker-28: Launching EnzigmaDemo (2)] INFO  o.eclipse.m2e.core.internal.Bundles - 	Entry: D:\Offline_Softwares\AdvJava_Softwares\Windows\spring-tool-suite-4-4.27.0.RELEASE-e4.34.0-win32.win32.x86_64\sts-4.27.0.RELEASE\plugins\org.eclipse.m2e.maven.runtime_3.9.900.20240824-1409\jars\maven-resolver-spi-1.9.22.jar
2025-04-28 20:00:51,829 [Worker-28: Launching EnzigmaDemo (2)] INFO  o.eclipse.m2e.core.internal.Bundles - 	Entry: D:\Offline_Softwares\AdvJava_Softwares\Windows\spring-tool-suite-4-4.27.0.RELEASE-e4.34.0-win32.win32.x86_64\sts-4.27.0.RELEASE\plugins\org.eclipse.m2e.maven.runtime_3.9.900.20240824-1409\jars\maven-resolver-transport-file-1.9.22.jar
2025-04-28 20:00:51,829 [Worker-28: Launching EnzigmaDemo (2)] INFO  o.eclipse.m2e.core.internal.Bundles - 	Entry: D:\Offline_Softwares\AdvJava_Softwares\Windows\spring-tool-suite-4-4.27.0.RELEASE-e4.34.0-win32.win32.x86_64\sts-4.27.0.RELEASE\plugins\org.eclipse.m2e.maven.runtime_3.9.900.20240824-1409\jars\maven-resolver-transport-http-1.9.22.jar
2025-04-28 20:00:51,829 [Worker-28: Launching EnzigmaDemo (2)] INFO  o.eclipse.m2e.core.internal.Bundles - 	Entry: D:\Offline_Softwares\AdvJava_Softwares\Windows\spring-tool-suite-4-4.27.0.RELEASE-e4.34.0-win32.win32.x86_64\sts-4.27.0.RELEASE\plugins\org.eclipse.m2e.maven.runtime_3.9.900.20240824-1409\jars\maven-resolver-transport-wagon-1.9.22.jar
2025-04-28 20:00:51,830 [Worker-28: Launching EnzigmaDemo (2)] INFO  o.eclipse.m2e.core.internal.Bundles - 	Entry: D:\Offline_Softwares\AdvJava_Softwares\Windows\spring-tool-suite-4-4.27.0.RELEASE-e4.34.0-win32.win32.x86_64\sts-4.27.0.RELEASE\plugins\org.eclipse.m2e.maven.runtime_3.9.900.20240824-1409\jars\maven-resolver-util-1.9.22.jar
2025-04-28 20:00:51,830 [Worker-28: Launching EnzigmaDemo (2)] INFO  o.eclipse.m2e.core.internal.Bundles - 	Entry: D:\Offline_Softwares\AdvJava_Softwares\Windows\spring-tool-suite-4-4.27.0.RELEASE-e4.34.0-win32.win32.x86_64\sts-4.27.0.RELEASE\plugins\org.eclipse.m2e.maven.runtime_3.9.900.20240824-1409\jars\maven-settings-3.9.9.jar
2025-04-28 20:00:51,830 [Worker-28: Launching EnzigmaDemo (2)] INFO  o.eclipse.m2e.core.internal.Bundles - 	Entry: D:\Offline_Softwares\AdvJava_Softwares\Windows\spring-tool-suite-4-4.27.0.RELEASE-e4.34.0-win32.win32.x86_64\sts-4.27.0.RELEASE\plugins\org.eclipse.m2e.maven.runtime_3.9.900.20240824-1409\jars\maven-settings-builder-3.9.9.jar
2025-04-28 20:00:51,830 [Worker-28: Launching EnzigmaDemo (2)] INFO  o.eclipse.m2e.core.internal.Bundles - 	Entry: D:\Offline_Softwares\AdvJava_Softwares\Windows\spring-tool-suite-4-4.27.0.RELEASE-e4.34.0-win32.win32.x86_64\sts-4.27.0.RELEASE\plugins\org.eclipse.m2e.maven.runtime_3.9.900.20240824-1409\jars\maven-shared-utils-3.4.2.jar
2025-04-28 20:00:51,830 [Worker-28: Launching EnzigmaDemo (2)] INFO  o.eclipse.m2e.core.internal.Bundles - 	Entry: D:\Offline_Softwares\AdvJava_Softwares\Windows\spring-tool-suite-4-4.27.0.RELEASE-e4.34.0-win32.win32.x86_64\sts-4.27.0.RELEASE\plugins\org.eclipse.m2e.maven.runtime_3.9.900.20240824-1409\jars\org.eclipse.sisu.inject-0.9.0.M3.jar
2025-04-28 20:00:51,830 [Worker-28: Launching EnzigmaDemo (2)] INFO  o.eclipse.m2e.core.internal.Bundles - 	Entry: D:\Offline_Softwares\AdvJava_Softwares\Windows\spring-tool-suite-4-4.27.0.RELEASE-e4.34.0-win32.win32.x86_64\sts-4.27.0.RELEASE\plugins\org.eclipse.m2e.maven.runtime_3.9.900.20240824-1409\jars\org.eclipse.sisu.plexus-0.9.0.M3.jar
2025-04-28 20:00:51,830 [Worker-28: Launching EnzigmaDemo (2)] INFO  o.eclipse.m2e.core.internal.Bundles - 	Entry: D:\Offline_Softwares\AdvJava_Softwares\Windows\spring-tool-suite-4-4.27.0.RELEASE-e4.34.0-win32.win32.x86_64\sts-4.27.0.RELEASE\plugins\org.eclipse.m2e.maven.runtime_3.9.900.20240824-1409\jars\plexus-build-api-0.0.7.jar
2025-04-28 20:00:51,830 [Worker-28: Launching EnzigmaDemo (2)] INFO  o.eclipse.m2e.core.internal.Bundles - 	Entry: D:\Offline_Softwares\AdvJava_Softwares\Windows\spring-tool-suite-4-4.27.0.RELEASE-e4.34.0-win32.win32.x86_64\sts-4.27.0.RELEASE\plugins\org.eclipse.m2e.maven.runtime_3.9.900.20240824-1409\jars\plexus-build-api-1.2.0.jar
2025-04-28 20:00:51,830 [Worker-28: Launching EnzigmaDemo (2)] INFO  o.eclipse.m2e.core.internal.Bundles - 	Entry: D:\Offline_Softwares\AdvJava_Softwares\Windows\spring-tool-suite-4-4.27.0.RELEASE-e4.34.0-win32.win32.x86_64\sts-4.27.0.RELEASE\plugins\org.eclipse.m2e.maven.runtime_3.9.900.20240824-1409\jars\plexus-cipher-2.0.jar
2025-04-28 20:00:51,830 [Worker-28: Launching EnzigmaDemo (2)] INFO  o.eclipse.m2e.core.internal.Bundles - 	Entry: D:\Offline_Softwares\AdvJava_Softwares\Windows\spring-tool-suite-4-4.27.0.RELEASE-e4.34.0-win32.win32.x86_64\sts-4.27.0.RELEASE\plugins\org.eclipse.m2e.maven.runtime_3.9.900.20240824-1409\jars\plexus-classworlds-2.8.0.jar
2025-04-28 20:00:51,830 [Worker-28: Launching EnzigmaDemo (2)] INFO  o.eclipse.m2e.core.internal.Bundles - 	Entry: D:\Offline_Softwares\AdvJava_Softwares\Windows\spring-tool-suite-4-4.27.0.RELEASE-e4.34.0-win32.win32.x86_64\sts-4.27.0.RELEASE\plugins\org.eclipse.m2e.maven.runtime_3.9.900.20240824-1409\jars\plexus-component-annotations-2.1.0.jar
2025-04-28 20:00:51,830 [Worker-28: Launching EnzigmaDemo (2)] INFO  o.eclipse.m2e.core.internal.Bundles - 	Entry: D:\Offline_Softwares\AdvJava_Softwares\Windows\spring-tool-suite-4-4.27.0.RELEASE-e4.34.0-win32.win32.x86_64\sts-4.27.0.RELEASE\plugins\org.eclipse.m2e.maven.runtime_3.9.900.20240824-1409\jars\plexus-interpolation-1.27.jar
2025-04-28 20:00:51,831 [Worker-28: Launching EnzigmaDemo (2)] INFO  o.eclipse.m2e.core.internal.Bundles - 	Entry: D:\Offline_Softwares\AdvJava_Softwares\Windows\spring-tool-suite-4-4.27.0.RELEASE-e4.34.0-win32.win32.x86_64\sts-4.27.0.RELEASE\plugins\org.eclipse.m2e.maven.runtime_3.9.900.20240824-1409\jars\plexus-sec-dispatcher-2.0.jar
2025-04-28 20:00:51,831 [Worker-28: Launching EnzigmaDemo (2)] INFO  o.eclipse.m2e.core.internal.Bundles - 	Entry: D:\Offline_Softwares\AdvJava_Softwares\Windows\spring-tool-suite-4-4.27.0.RELEASE-e4.34.0-win32.win32.x86_64\sts-4.27.0.RELEASE\plugins\org.eclipse.m2e.maven.runtime_3.9.900.20240824-1409\jars\plexus-utils-3.5.1.jar
2025-04-28 20:00:51,831 [Worker-28: Launching EnzigmaDemo (2)] INFO  o.eclipse.m2e.core.internal.Bundles - 	Entry: D:\Offline_Softwares\AdvJava_Softwares\Windows\spring-tool-suite-4-4.27.0.RELEASE-e4.34.0-win32.win32.x86_64\sts-4.27.0.RELEASE\plugins\org.eclipse.m2e.maven.runtime_3.9.900.20240824-1409\jars\plexus-xml-3.0.1.jar
2025-04-28 20:00:51,831 [Worker-28: Launching EnzigmaDemo (2)] INFO  o.eclipse.m2e.core.internal.Bundles - 	Entry: D:\Offline_Softwares\AdvJava_Softwares\Windows\spring-tool-suite-4-4.27.0.RELEASE-e4.34.0-win32.win32.x86_64\sts-4.27.0.RELEASE\plugins\org.eclipse.m2e.maven.runtime_3.9.900.20240824-1409\jars\wagon-file-3.5.3.jar
2025-04-28 20:00:51,831 [Worker-28: Launching EnzigmaDemo (2)] INFO  o.eclipse.m2e.core.internal.Bundles - 	Entry: D:\Offline_Softwares\AdvJava_Softwares\Windows\spring-tool-suite-4-4.27.0.RELEASE-e4.34.0-win32.win32.x86_64\sts-4.27.0.RELEASE\plugins\org.eclipse.m2e.maven.runtime_3.9.900.20240824-1409\jars\wagon-http-3.5.3.jar
2025-04-28 20:00:51,831 [Worker-28: Launching EnzigmaDemo (2)] INFO  o.eclipse.m2e.core.internal.Bundles - 	Entry: D:\Offline_Softwares\AdvJava_Softwares\Windows\spring-tool-suite-4-4.27.0.RELEASE-e4.34.0-win32.win32.x86_64\sts-4.27.0.RELEASE\plugins\org.eclipse.m2e.maven.runtime_3.9.900.20240824-1409\jars\wagon-http-shared-3.5.3.jar
2025-04-28 20:00:51,831 [Worker-28: Launching EnzigmaDemo (2)] INFO  o.eclipse.m2e.core.internal.Bundles - 	Entry: D:\Offline_Softwares\AdvJava_Softwares\Windows\spring-tool-suite-4-4.27.0.RELEASE-e4.34.0-win32.win32.x86_64\sts-4.27.0.RELEASE\plugins\org.eclipse.m2e.maven.runtime_3.9.900.20240824-1409\jars\wagon-provider-api-3.5.3.jar
2025-04-28 20:00:51,832 [Worker-28: Launching EnzigmaDemo (2)] INFO  o.eclipse.m2e.core.internal.Bundles - getClasspathEntries(Bundle=com.google.guava_33.3.1.jre [29])
2025-04-28 20:00:51,832 [Worker-28: Launching EnzigmaDemo (2)] INFO  o.eclipse.m2e.core.internal.Bundles - 	Entry: D:\Offline_Softwares\AdvJava_Softwares\Windows\spring-tool-suite-4-4.27.0.RELEASE-e4.34.0-win32.win32.x86_64\sts-4.27.0.RELEASE\plugins\com.google.guava_33.3.1.jre.jar
2025-04-28 20:00:51,832 [Worker-28: Launching EnzigmaDemo (2)] INFO  o.eclipse.m2e.core.internal.Bundles - getClasspathEntries(Bundle=slf4j.api_2.0.16 [615])
2025-04-28 20:00:51,833 [Worker-28: Launching EnzigmaDemo (2)] INFO  o.eclipse.m2e.core.internal.Bundles - 	Entry: D:\Offline_Softwares\AdvJava_Softwares\Windows\spring-tool-suite-4-4.27.0.RELEASE-e4.34.0-win32.win32.x86_64\sts-4.27.0.RELEASE\plugins\slf4j.api_2.0.16.jar
2025-04-28 20:00:51,833 [Worker-28: Launching EnzigmaDemo (2)] INFO  o.eclipse.m2e.core.internal.Bundles - getClasspathEntries(Bundle=jakarta.inject.jakarta.inject-api_1.0.5 [45])
2025-04-28 20:00:51,835 [Worker-28: Launching EnzigmaDemo (2)] INFO  o.eclipse.m2e.core.internal.Bundles - 	Entry: D:\Offline_Softwares\AdvJava_Softwares\Windows\spring-tool-suite-4-4.27.0.RELEASE-e4.34.0-win32.win32.x86_64\sts-4.27.0.RELEASE\plugins\jakarta.inject.jakarta.inject-api_1.0.5.jar
2025-04-28 20:00:51,835 [Worker-28: Launching EnzigmaDemo (2)] INFO  o.eclipse.m2e.core.internal.Bundles - getClasspathEntries(Bundle=jakarta.annotation-api_1.3.5 [41])
2025-04-28 20:00:51,835 [Worker-28: Launching EnzigmaDemo (2)] INFO  o.eclipse.m2e.core.internal.Bundles - 	Entry: D:\Offline_Softwares\AdvJava_Softwares\Windows\spring-tool-suite-4-4.27.0.RELEASE-e4.34.0-win32.win32.x86_64\sts-4.27.0.RELEASE\plugins\jakarta.annotation-api_1.3.5.jar
2025-04-28 20:00:51,835 [Worker-28: Launching EnzigmaDemo (2)] INFO  o.eclipse.m2e.core.internal.Bundles - getClasspathEntries(Bundle=org.apache.commons.cli_1.9.0 [78])
2025-04-28 20:00:51,836 [Worker-28: Launching EnzigmaDemo (2)] INFO  o.eclipse.m2e.core.internal.Bundles - 	Entry: D:\Offline_Softwares\AdvJava_Softwares\Windows\spring-tool-suite-4-4.27.0.RELEASE-e4.34.0-win32.win32.x86_64\sts-4.27.0.RELEASE\plugins\org.apache.commons.cli_1.9.0.jar
2025-04-28 20:00:51,836 [Worker-28: Launching EnzigmaDemo (2)] INFO  o.eclipse.m2e.core.internal.Bundles - getClasspathEntries(Bundle=org.apache.commons.commons-codec_1.16.0 [81])
2025-04-28 20:00:51,837 [Worker-28: Launching EnzigmaDemo (2)] INFO  o.eclipse.m2e.core.internal.Bundles - 	Entry: D:\Offline_Softwares\AdvJava_Softwares\Windows\spring-tool-suite-4-4.27.0.RELEASE-e4.34.0-win32.win32.x86_64\sts-4.27.0.RELEASE\plugins\org.apache.commons.commons-codec_1.16.0.jar
2025-04-28 20:00:51,837 [Worker-28: Launching EnzigmaDemo (2)] INFO  o.eclipse.m2e.core.internal.Bundles - getClasspathEntries(Bundle=com.google.guava.failureaccess_1.0.2 [30])
2025-04-28 20:00:51,837 [Worker-28: Launching EnzigmaDemo (2)] INFO  o.eclipse.m2e.core.internal.Bundles - 	Entry: D:\Offline_Softwares\AdvJava_Softwares\Windows\spring-tool-suite-4-4.27.0.RELEASE-e4.34.0-win32.win32.x86_64\sts-4.27.0.RELEASE\plugins\com.google.guava.failureaccess_1.0.2.jar
2025-04-28 20:00:51,839 [Worker-28: Launching EnzigmaDemo (2)] INFO  o.e.m.i.launch.MavenLaunchDelegate - Run build in "C:\Users\admin\Desktop\New folder (5)\Backend\EnzigmaDemo":
2025-04-28 20:00:51,839 [Worker-28: Launching EnzigmaDemo (2)] INFO  o.e.m.i.launch.MavenLaunchDelegate -  mvn  -Ppom.xml -B -Dstyle.color=always clean compile
2025-04-28 20:00:51,983 [Worker-26: Building] INFO  o.a.m.s.f.DefaultMavenResourcesFiltering - Copying 1 resource from src\main\resources to target\classes
2025-04-28 20:00:51,990 [Worker-26: Building] INFO  o.a.m.s.f.DefaultMavenResourcesFiltering - Copying 0 resource from src\main\resources to target\classes
2025-04-28 20:00:51,995 [Worker-26: Building] INFO  o.a.m.s.f.DefaultMavenResourcesFiltering - skip non existing resourceDirectory C:\Users\admin\Desktop\New folder (5)\Backend\EnzigmaDemo\src\test\resources
2025-04-28 23:29:15,366 [Worker-37: Building] INFO  o.a.m.s.f.DefaultMavenResourcesFiltering - Copying 1 resource from src\main\resources to target\classes
2025-04-28 23:29:15,433 [Worker-37: Building] INFO  o.a.m.s.f.DefaultMavenResourcesFiltering - Copying 0 resource from src\main\resources to target\classes
2025-04-28 23:29:15,437 [Worker-37: Building] INFO  o.a.m.s.f.DefaultMavenResourcesFiltering - skip non existing resourceDirectory C:\Users\admin\Desktop\New folder (5)\Backend\EnzigmaDemo\src\test\resources
2025-04-28 23:31:52,370 [Worker-37: Building] INFO  o.e.m.c.i.l.LifecycleMappingFactory - Using org.eclipse.m2e.jdt.JarLifecycleMapping lifecycle mapping for MavenProject: com.matrimony:Matrimony_Backend:0.0.1-SNAPSHOT @ C:\Users\admin\Desktop\New folder (5)\Backend\EnzigmaDemo\pom.xml.
2025-04-28 23:31:58,837 [Worker-37: Building] INFO  o.a.m.s.f.DefaultMavenResourcesFiltering - Copying 0 resource from src\main\resources to target\classes
2025-04-28 23:31:58,839 [Worker-37: Building] INFO  o.a.m.s.f.DefaultMavenResourcesFiltering - Copying 0 resource from src\main\resources to target\classes
2025-04-28 23:31:58,846 [Worker-37: Building] INFO  o.a.m.s.f.DefaultMavenResourcesFiltering - skip non existing resourceDirectory C:\Users\admin\Desktop\New folder (5)\Backend\EnzigmaDemo\src\test\resources
2025-04-28 23:31:59,593 [Worker-54: Updating Maven Project] INFO  o.e.m.c.i.p.ProjectConfigurationManager - Update started
2025-04-28 23:32:00,297 [Worker-54: Updating Maven Project] INFO  o.e.m.c.i.l.LifecycleMappingFactory - Using org.eclipse.m2e.jdt.JarLifecycleMapping lifecycle mapping for MavenProject: com.matrimony:Matrimony_Backend:0.0.1-SNAPSHOT @ C:\Users\admin\Desktop\New folder (5)\Backend\EnzigmaDemo\pom.xml.
2025-04-28 23:32:01,955 [Worker-54: Updating Maven Project] INFO  o.e.m.j.i.AbstractJavaProjectConfigurator - Adding source folder /EnzigmaDemo/src/main/java
2025-04-28 23:32:01,956 [Worker-54: Updating Maven Project] INFO  o.e.m.j.i.AbstractJavaProjectConfigurator - Adding resource folder /EnzigmaDemo/src/main/resources
2025-04-28 23:32:01,957 [Worker-54: Updating Maven Project] INFO  o.e.m.j.i.AbstractJavaProjectConfigurator - Adding resource folder /EnzigmaDemo/src/main/resources
2025-04-28 23:32:01,958 [Worker-54: Updating Maven Project] INFO  o.e.m.j.i.AbstractJavaProjectConfigurator - Adding source folder /EnzigmaDemo/src/test/java
2025-04-28 23:32:01,958 [Worker-54: Updating Maven Project] INFO  o.e.m.j.i.AbstractJavaProjectConfigurator - Adding resource folder /EnzigmaDemo/src/test/resources
2025-04-28 23:32:04,097 [Worker-54: Updating Maven Project] INFO  o.e.m.c.i.p.ProjectConfigurationManager - Update completed for 1 poms: local refresh takes 0.00 sec, refresh facades takes 2.00 sec, update config takes 1.00 sec 
2025-04-28 23:32:05,353 [Worker-54: Building] INFO  o.a.m.s.f.DefaultMavenResourcesFiltering - Copying 1 resource from src\main\resources to target\classes
2025-04-28 23:32:05,390 [Worker-54: Building] INFO  o.a.m.s.f.DefaultMavenResourcesFiltering - Copying 0 resource from src\main\resources to target\classes
2025-04-28 23:32:05,403 [Worker-54: Building] INFO  o.a.m.s.f.DefaultMavenResourcesFiltering - skip non existing resourceDirectory C:\Users\admin\Desktop\New folder (5)\Backend\EnzigmaDemo\src\test\resources
2025-04-28 23:33:56,741 [Worker-50: Building] INFO  o.a.m.s.f.DefaultMavenResourcesFiltering - Copying 1 resource from src\main\resources to target\classes
2025-04-28 23:33:56,752 [Worker-50: Building] INFO  o.a.m.s.f.DefaultMavenResourcesFiltering - Copying 0 resource from src\main\resources to target\classes
2025-04-28 23:33:56,759 [Worker-50: Building] INFO  o.a.m.s.f.DefaultMavenResourcesFiltering - skip non existing resourceDirectory C:\Users\admin\Desktop\New folder (5)\Backend\EnzigmaDemo\src\test\resources
2025-04-29 13:02:35,154 [Worker-60: Building] INFO  o.e.m.c.i.l.LifecycleMappingFactory - Using org.eclipse.m2e.jdt.JarLifecycleMapping lifecycle mapping for MavenProject: com.matrimony:Matrimony_Backend:0.0.1-SNAPSHOT @ C:\Users\admin\Desktop\New folder (5)\Backend\EnzigmaDemo\pom.xml.
2025-04-29 13:02:36,593 [Worker-60: Building] INFO  o.a.m.s.f.DefaultMavenResourcesFiltering - Copying 0 resource from src\main\resources to target\classes
2025-04-29 13:02:36,594 [Worker-60: Building] INFO  o.a.m.s.f.DefaultMavenResourcesFiltering - Copying 0 resource from src\main\resources to target\classes
2025-04-29 13:02:36,602 [Worker-60: Building] INFO  o.a.m.s.f.DefaultMavenResourcesFiltering - skip non existing resourceDirectory C:\Users\admin\Desktop\New folder (5)\Backend\EnzigmaDemo\src\test\resources
2025-04-29 13:05:37,531 [Worker-59: Launching EnzigmaDemo - EnzigmaDemoApplication] INFO  o.a.m.s.f.DefaultMavenResourcesFiltering - Copying 1 resource from src\main\resources to target\classes
2025-04-29 13:05:37,592 [Worker-59: Launching EnzigmaDemo - EnzigmaDemoApplication] INFO  o.a.m.s.f.DefaultMavenResourcesFiltering - Copying 0 resource from src\main\resources to target\classes
2025-04-29 13:05:37,597 [Worker-59: Launching EnzigmaDemo - EnzigmaDemoApplication] INFO  o.a.m.s.f.DefaultMavenResourcesFiltering - skip non existing resourceDirectory C:\Users\admin\Desktop\New folder (5)\Backend\EnzigmaDemo\src\test\resources
2025-04-29 13:09:20,530 [Worker-62: Building] INFO  o.a.m.s.f.DefaultMavenResourcesFiltering - Copying 1 resource from src\main\resources to target\classes
2025-04-29 13:09:20,545 [Worker-62: Building] INFO  o.a.m.s.f.DefaultMavenResourcesFiltering - Copying 0 resource from src\main\resources to target\classes
2025-04-29 13:09:20,548 [Worker-62: Building] INFO  o.a.m.s.f.DefaultMavenResourcesFiltering - skip non existing resourceDirectory C:\Users\admin\Desktop\New folder (5)\Backend\EnzigmaDemo\src\test\resources
2025-04-29 13:13:33,037 [Worker-66: Building] INFO  o.a.m.s.f.DefaultMavenResourcesFiltering - Copying 1 resource from src\main\resources to target\classes
2025-04-29 13:13:33,043 [Worker-66: Building] INFO  o.a.m.s.f.DefaultMavenResourcesFiltering - Copying 0 resource from src\main\resources to target\classes
2025-04-29 13:13:33,047 [Worker-66: Building] INFO  o.a.m.s.f.DefaultMavenResourcesFiltering - skip non existing resourceDirectory C:\Users\admin\Desktop\New folder (5)\Backend\EnzigmaDemo\src\test\resources
2025-04-29 13:33:55,110 [Worker-68: Building] INFO  o.a.m.s.f.DefaultMavenResourcesFiltering - Copying 1 resource from src\main\resources to target\classes
2025-04-29 13:33:55,114 [Worker-68: Building] INFO  o.a.m.s.f.DefaultMavenResourcesFiltering - Copying 0 resource from src\main\resources to target\classes
2025-04-29 13:33:55,117 [Worker-68: Building] INFO  o.a.m.s.f.DefaultMavenResourcesFiltering - skip non existing resourceDirectory C:\Users\admin\Desktop\New folder (5)\Backend\EnzigmaDemo\src\test\resources
2025-04-29 13:36:38,002 [Worker-71: Building] INFO  o.a.m.s.f.DefaultMavenResourcesFiltering - Copying 1 resource from src\main\resources to target\classes
2025-04-29 13:36:38,010 [Worker-71: Building] INFO  o.a.m.s.f.DefaultMavenResourcesFiltering - Copying 0 resource from src\main\resources to target\classes
2025-04-29 13:36:38,014 [Worker-71: Building] INFO  o.a.m.s.f.DefaultMavenResourcesFiltering - skip non existing resourceDirectory C:\Users\admin\Desktop\New folder (5)\Backend\EnzigmaDemo\src\test\resources
2025-04-29 13:37:41,537 [Worker-71: Building] INFO  o.a.m.s.f.DefaultMavenResourcesFiltering - Copying 1 resource from src\main\resources to target\classes
2025-04-29 13:37:41,543 [Worker-71: Building] INFO  o.a.m.s.f.DefaultMavenResourcesFiltering - Copying 0 resource from src\main\resources to target\classes
2025-04-29 13:37:41,546 [Worker-71: Building] INFO  o.a.m.s.f.DefaultMavenResourcesFiltering - skip non existing resourceDirectory C:\Users\admin\Desktop\New folder (5)\Backend\EnzigmaDemo\src\test\resources
2025-04-29 13:42:59,954 [Worker-67: Building] INFO  o.a.m.s.f.DefaultMavenResourcesFiltering - Copying 1 resource from src\main\resources to target\classes
2025-04-29 13:42:59,963 [Worker-67: Building] INFO  o.a.m.s.f.DefaultMavenResourcesFiltering - Copying 0 resource from src\main\resources to target\classes
2025-04-29 13:42:59,967 [Worker-67: Building] INFO  o.a.m.s.f.DefaultMavenResourcesFiltering - skip non existing resourceDirectory C:\Users\admin\Desktop\New folder (5)\Backend\EnzigmaDemo\src\test\resources
2025-04-29 13:47:35,237 [Worker-72: Building] INFO  o.a.m.s.f.DefaultMavenResourcesFiltering - Copying 1 resource from src\main\resources to target\classes
2025-04-29 13:47:35,245 [Worker-72: Building] INFO  o.a.m.s.f.DefaultMavenResourcesFiltering - Copying 0 resource from src\main\resources to target\classes
2025-04-29 13:47:35,249 [Worker-72: Building] INFO  o.a.m.s.f.DefaultMavenResourcesFiltering - skip non existing resourceDirectory C:\Users\admin\Desktop\New folder (5)\Backend\EnzigmaDemo\src\test\resources
2025-04-29 13:47:40,872 [Worker-72: Building] INFO  o.a.m.s.f.DefaultMavenResourcesFiltering - Copying 1 resource from src\main\resources to target\classes
2025-04-29 13:47:40,883 [Worker-72: Building] INFO  o.a.m.s.f.DefaultMavenResourcesFiltering - Copying 0 resource from src\main\resources to target\classes
2025-04-29 13:47:40,888 [Worker-72: Building] INFO  o.a.m.s.f.DefaultMavenResourcesFiltering - skip non existing resourceDirectory C:\Users\admin\Desktop\New folder (5)\Backend\EnzigmaDemo\src\test\resources
2025-04-29 13:51:27,486 [Worker-66: Building] INFO  o.a.m.s.f.DefaultMavenResourcesFiltering - Copying 1 resource from src\main\resources to target\classes
2025-04-29 13:51:27,491 [Worker-66: Building] INFO  o.a.m.s.f.DefaultMavenResourcesFiltering - Copying 0 resource from src\main\resources to target\classes
2025-04-29 13:51:27,493 [Worker-66: Building] INFO  o.a.m.s.f.DefaultMavenResourcesFiltering - skip non existing resourceDirectory C:\Users\admin\Desktop\New folder (5)\Backend\EnzigmaDemo\src\test\resources
2025-04-29 13:51:54,261 [Worker-68: Building] INFO  o.a.m.s.f.DefaultMavenResourcesFiltering - Copying 1 resource from src\main\resources to target\classes
2025-04-29 13:51:54,266 [Worker-68: Building] INFO  o.a.m.s.f.DefaultMavenResourcesFiltering - Copying 0 resource from src\main\resources to target\classes
2025-04-29 13:51:54,279 [Worker-68: Building] INFO  o.a.m.s.f.DefaultMavenResourcesFiltering - skip non existing resourceDirectory C:\Users\admin\Desktop\New folder (5)\Backend\EnzigmaDemo\src\test\resources
2025-04-29 13:51:57,916 [Worker-66: Building] INFO  o.a.m.s.f.DefaultMavenResourcesFiltering - Copying 1 resource from src\main\resources to target\classes
2025-04-29 13:51:57,919 [Worker-66: Building] INFO  o.a.m.s.f.DefaultMavenResourcesFiltering - Copying 0 resource from src\main\resources to target\classes
2025-04-29 13:51:57,922 [Worker-66: Building] INFO  o.a.m.s.f.DefaultMavenResourcesFiltering - skip non existing resourceDirectory C:\Users\admin\Desktop\New folder (5)\Backend\EnzigmaDemo\src\test\resources
2025-04-29 15:06:44,097 [Worker-73: Building] INFO  o.a.m.s.f.DefaultMavenResourcesFiltering - Copying 1 resource from src\main\resources to target\classes
2025-04-29 15:06:44,138 [Worker-73: Building] INFO  o.a.m.s.f.DefaultMavenResourcesFiltering - Copying 0 resource from src\main\resources to target\classes
2025-04-29 15:06:44,143 [Worker-73: Building] INFO  o.a.m.s.f.DefaultMavenResourcesFiltering - skip non existing resourceDirectory C:\Users\admin\Desktop\New folder (5)\Backend\EnzigmaDemo\src\test\resources
2025-04-29 15:07:24,515 [Worker-75: Building] INFO  o.a.m.s.f.DefaultMavenResourcesFiltering - Copying 1 resource from src\main\resources to target\classes
2025-04-29 15:07:24,525 [Worker-75: Building] INFO  o.a.m.s.f.DefaultMavenResourcesFiltering - Copying 0 resource from src\main\resources to target\classes
2025-04-29 15:07:24,529 [Worker-75: Building] INFO  o.a.m.s.f.DefaultMavenResourcesFiltering - skip non existing resourceDirectory C:\Users\admin\Desktop\New folder (5)\Backend\EnzigmaDemo\src\test\resources
2025-04-29 15:14:28,700 [Worker-68: Building] INFO  o.a.m.s.f.DefaultMavenResourcesFiltering - Copying 1 resource from src\main\resources to target\classes
2025-04-29 15:14:28,711 [Worker-68: Building] INFO  o.a.m.s.f.DefaultMavenResourcesFiltering - Copying 0 resource from src\main\resources to target\classes
2025-04-29 15:14:28,714 [Worker-68: Building] INFO  o.a.m.s.f.DefaultMavenResourcesFiltering - skip non existing resourceDirectory C:\Users\admin\Desktop\New folder (5)\Backend\EnzigmaDemo\src\test\resources
2025-04-30 08:42:36,181 [Worker-5: Loading available Gradle versions] INFO  o.e.b.c.i.u.g.PublishedGradleVersions - Gradle version information cache is out-of-date. Trying to update.
2025-04-30 08:42:37,037 [Worker-5: Loading available Gradle versions] INFO  o.e.b.c.i.u.g.PublishedGradleVersions - Updating Gradle version information cache failed. Using outdated cache.
2025-04-30 08:42:44,919 [Worker-11: Building] INFO  o.e.m.c.i.l.LifecycleMappingFactory - Using org.eclipse.m2e.jdt.JarLifecycleMapping lifecycle mapping for MavenProject: com.enzigma:EnzigmaDemo:0.0.1-SNAPSHOT @ C:\Users\admin\Desktop\New folder (5)\Backend\EnzigmaDemo\pom.xml.
2025-04-30 08:42:47,523 [Worker-11: Building] INFO  o.a.m.s.f.DefaultMavenResourcesFiltering - Copying 1 resource from src\main\resources to target\classes
2025-04-30 08:42:47,555 [Worker-11: Building] INFO  o.a.m.s.f.DefaultMavenResourcesFiltering - Copying 0 resource from src\main\resources to target\classes
2025-04-30 08:42:47,566 [Worker-11: Building] INFO  o.a.m.s.f.DefaultMavenResourcesFiltering - skip non existing resourceDirectory C:\Users\admin\Desktop\New folder (5)\Backend\EnzigmaDemo\src\test\resources
2025-04-30 08:42:47,834 [Worker-1: Updating Maven Project] INFO  o.e.m.c.i.p.ProjectConfigurationManager - Update started
2025-04-30 08:42:48,735 [Worker-1: Updating Maven Project] INFO  o.e.m.c.i.l.LifecycleMappingFactory - Using org.eclipse.m2e.jdt.JarLifecycleMapping lifecycle mapping for MavenProject: com.enzigma:EnzigmaDemo:0.0.1-SNAPSHOT @ C:\Users\admin\Desktop\New folder (5)\Backend\EnzigmaDemo\pom.xml.
2025-04-30 08:42:50,817 [Worker-1: Updating Maven Project] INFO  o.e.m.j.i.AbstractJavaProjectConfigurator - Adding source folder /EnzigmaDemo/src/main/java
2025-04-30 08:42:50,822 [Worker-1: Updating Maven Project] INFO  o.e.m.j.i.AbstractJavaProjectConfigurator - Adding resource folder /EnzigmaDemo/src/main/resources
2025-04-30 08:42:50,824 [Worker-1: Updating Maven Project] INFO  o.e.m.j.i.AbstractJavaProjectConfigurator - Adding resource folder /EnzigmaDemo/src/main/resources
2025-04-30 08:42:50,825 [Worker-1: Updating Maven Project] INFO  o.e.m.j.i.AbstractJavaProjectConfigurator - Adding source folder /EnzigmaDemo/src/test/java
2025-04-30 08:42:50,827 [Worker-1: Updating Maven Project] INFO  o.e.m.j.i.AbstractJavaProjectConfigurator - Adding resource folder /EnzigmaDemo/src/test/resources
2025-04-30 08:42:54,155 [Worker-1: Updating Maven Project] INFO  o.e.m.c.i.p.ProjectConfigurationManager - Update completed for 1 poms: local refresh takes 0.00 sec, refresh facades takes 2.00 sec, update config takes 1.00 sec 
2025-04-30 08:42:54,898 [Worker-4: Building] INFO  o.a.m.s.f.DefaultMavenResourcesFiltering - Copying 1 resource from src\main\resources to target\classes
2025-04-30 08:42:54,928 [Worker-4: Building] INFO  o.a.m.s.f.DefaultMavenResourcesFiltering - Copying 0 resource from src\main\resources to target\classes
2025-04-30 08:42:54,938 [Worker-4: Building] INFO  o.a.m.s.f.DefaultMavenResourcesFiltering - skip non existing resourceDirectory C:\Users\admin\Desktop\New folder (5)\Backend\EnzigmaDemo\src\test\resources
2025-04-30 09:26:41,445 [Worker-6: Loading available Gradle versions] INFO  o.e.b.c.i.u.g.PublishedGradleVersions - Gradle version information cache is out-of-date. Trying to update.
2025-04-30 09:26:42,190 [Worker-6: Loading available Gradle versions] INFO  o.e.b.c.i.u.g.PublishedGradleVersions - Updating Gradle version information cache failed. Using outdated cache.
2025-04-30 09:49:42,269 [Worker-7: Building] INFO  o.a.m.s.f.DefaultMavenResourcesFiltering - Copying 1 resource from src\main\resources to target\classes
2025-04-30 09:49:42,323 [Worker-7: Building] INFO  o.a.m.s.f.DefaultMavenResourcesFiltering - Copying 0 resource from src\main\resources to target\classes
2025-04-30 09:49:42,339 [Worker-7: Building] INFO  o.a.m.s.f.DefaultMavenResourcesFiltering - skip non existing resourceDirectory C:\Users\admin\Desktop\New folder (5)\Backend\EnzigmaDemo\src\test\resources
2025-04-30 09:53:49,736 [Worker-4: Building] INFO  o.a.m.s.f.DefaultMavenResourcesFiltering - Copying 1 resource from src\main\resources to target\classes
2025-04-30 09:53:49,743 [Worker-4: Building] INFO  o.a.m.s.f.DefaultMavenResourcesFiltering - Copying 0 resource from src\main\resources to target\classes
2025-04-30 09:53:49,746 [Worker-4: Building] INFO  o.a.m.s.f.DefaultMavenResourcesFiltering - skip non existing resourceDirectory C:\Users\admin\Desktop\New folder (5)\Backend\EnzigmaDemo\src\test\resources
2025-04-30 09:54:29,231 [Worker-12: Building] INFO  o.a.m.s.f.DefaultMavenResourcesFiltering - Copying 1 resource from src\main\resources to target\classes
2025-04-30 09:54:29,238 [Worker-12: Building] INFO  o.a.m.s.f.DefaultMavenResourcesFiltering - Copying 0 resource from src\main\resources to target\classes
2025-04-30 09:54:29,241 [Worker-12: Building] INFO  o.a.m.s.f.DefaultMavenResourcesFiltering - skip non existing resourceDirectory C:\Users\admin\Desktop\New folder (5)\Backend\EnzigmaDemo\src\test\resources
2025-04-30 09:54:56,701 [Worker-13: Building] INFO  o.a.m.s.f.DefaultMavenResourcesFiltering - Copying 1 resource from src\main\resources to target\classes
2025-04-30 09:54:56,705 [Worker-13: Building] INFO  o.a.m.s.f.DefaultMavenResourcesFiltering - Copying 0 resource from src\main\resources to target\classes
2025-04-30 09:54:56,708 [Worker-13: Building] INFO  o.a.m.s.f.DefaultMavenResourcesFiltering - skip non existing resourceDirectory C:\Users\admin\Desktop\New folder (5)\Backend\EnzigmaDemo\src\test\resources
2025-04-30 09:55:29,281 [Worker-9: Building] INFO  o.a.m.s.f.DefaultMavenResourcesFiltering - Copying 1 resource from src\main\resources to target\classes
2025-04-30 09:55:29,287 [Worker-9: Building] INFO  o.a.m.s.f.DefaultMavenResourcesFiltering - Copying 0 resource from src\main\resources to target\classes
2025-04-30 09:55:29,293 [Worker-9: Building] INFO  o.a.m.s.f.DefaultMavenResourcesFiltering - skip non existing resourceDirectory C:\Users\admin\Desktop\New folder (5)\Backend\EnzigmaDemo\src\test\resources
2025-04-30 09:55:41,540 [Worker-8: Building] INFO  o.a.m.s.f.DefaultMavenResourcesFiltering - Copying 1 resource from src\main\resources to target\classes
2025-04-30 09:55:41,544 [Worker-8: Building] INFO  o.a.m.s.f.DefaultMavenResourcesFiltering - Copying 0 resource from src\main\resources to target\classes
2025-04-30 09:55:41,547 [Worker-8: Building] INFO  o.a.m.s.f.DefaultMavenResourcesFiltering - skip non existing resourceDirectory C:\Users\admin\Desktop\New folder (5)\Backend\EnzigmaDemo\src\test\resources
